year,month,date,country,country_code,operator,operator_rank,market_share_pct,total_subscribers,new_subscribers,churned_subscribers,net_adds,churn_rate_pct,arpu_usd,revenue_musd,data_usage_gb,coverage_4g_pct,mobile_money_penetration_pct,population,penetration_rate_pct
2022,1,2022-01-01,Senegal,SN,Orange Sénégal,1,55.0,1059520,15278,25720,-10442,2.412,4.74,5.022,1.78,52.0,61.0,17200000,11.2
2022,1,2022-01-01,Senegal,SN,Free Sénégal,2,36.0,693504,10517,26493,-15976,3.791,3.07,2.127,1.85,52.0,61.0,17200000,11.2
2022,1,2022-01-01,Senegal,SN,Expresso,3,9.0,173375,2475,7784,-5309,4.479,2.44,0.423,1.64,52.0,61.0,17200000,11.2
2022,2,2022-02-01,Senegal,SN,Orange Sénégal,1,55.0,1059520,15101,25364,-10263,2.387,4.64,4.916,1.95,52.0,61.0,17200000,11.2
2022,2,2022-02-01,Senegal,SN,Free Sénégal,2,36.0,693504,10125,26757,-16632,3.856,3.07,2.128,2.04,52.0,61.0,17200000,11.2
2022,2,2022-02-01,Senegal,SN,Expresso,3,9.0,173375,2460,7839,-5379,4.505,2.53,0.438,2.07,52.0,61.0,17200000,11.2
2022,3,2022-03-01,Senegal,SN,Orange Sénégal,1,55.0,1059520,16775,25272,-8497,2.386,4.72,5.005,2.5,52.0,61.0,17200000,11.2
2022,3,2022-03-01,Senegal,SN,Free Sénégal,2,36.0,693504,10467,25521,-15054,3.754,3.14,2.175,2.42,52.0,61.0,17200000,11.2
2022,3,2022-03-01,Senegal,SN,Expresso,3,9.0,173375,2613,7850,-5237,4.533,2.59,0.449,2.22,52.0,61.0,17200000,11.2
2022,4,2022-04-01,Senegal,SN,Orange Sénégal,1,55.0,1059520,15986,25512,-9526,2.383,4.92,5.214,2.46,52.0,61.0,17200000,11.2
2022,4,2022-04-01,Senegal,SN,Free Sénégal,2,36.0,693504,10488,26259,-15771,3.812,3.29,2.284,2.84,52.0,61.0,17200000,11.2
2022,4,2022-04-01,Senegal,SN,Expresso,3,9.0,173375,2585,7850,-5265,4.542,2.67,0.462,2.83,52.0,61.0,17200000,11.2
2022,5,2022-05-01,Senegal,SN,Orange Sénégal,1,55.0,1059520,16351,25026,-8675,2.388,4.88,5.167,3.12,52.0,61.0,17200000,11.2
2022,5,2022-05-01,Senegal,SN,Free Sénégal,2,36.0,693504,10739,26978,-16239,3.852,3.33,2.309,2.9,52.0,61.0,17200000,11.2
2022,5,2022-05-01,Senegal,SN,Expresso,3,9.0,173375,2814,7827,-5013,4.516,2.75,0.477,2.61,52.0,61.0,17200000,11.2
2022,6,2022-06-01,Senegal,SN,Orange Sénégal,1,55.0,1059520,16571,25560,-8989,2.42,5.0,5.296,2.97,52.0,61.0,17200000,11.2
2022,6,2022-06-01,Senegal,SN,Free Sénégal,2,36.0,693504,10934,26683,-15749,3.792,3.3,2.29,3.17,52.0,61.0,17200000,11.2
2022,6,2022-06-01,Senegal,SN,Expresso,3,9.0,173375,2778,7788,-5010,4.477,2.68,0.465,3.38,52.0,61.0,17200000,11.2
2022,7,2022-07-01,Senegal,SN,Orange Sénégal,1,55.0,1059520,16921,25274,-8353,2.402,4.94,5.236,3.53,52.0,61.0,17200000,11.2
2022,7,2022-07-01,Senegal,SN,Free Sénégal,2,36.0,693504,10858,26035,-15177,3.744,3.31,2.296,3.56,52.0,61.0,17200000,11.2
2022,7,2022-07-01,Senegal,SN,Expresso,3,9.0,173375,2656,7665,-5009,4.436,2.66,0.461,3.57,52.0,61.0,17200000,11.2
2022,8,2022-08-01,Senegal,SN,Orange Sénégal,1,55.0,1059520,17127,25575,-8448,2.41,4.91,5.207,3.89,52.0,61.0,17200000,11.2
2022,8,2022-08-01,Senegal,SN,Free Sénégal,2,36.0,693504,10602,25863,-15261,3.727,3.38,2.347,3.86,52.0,61.0,17200000,11.2
2022,8,2022-08-01,Senegal,SN,Expresso,3,9.0,173375,2649,7733,-5084,4.514,2.7,0.468,4.05,52.0,61.0,17200000,11.2
2022,9,2022-09-01,Senegal,SN,Orange Sénégal,1,55.0,1059520,15459,25989,-10530,2.419,4.7,4.979,4.32,52.0,61.0,17200000,11.2
2022,9,2022-09-01,Senegal,SN,Free Sénégal,2,36.0,693504,10093,26777,-16684,3.883,3.2,2.223,4.09,52.0,61.0,17200000,11.2
2022,9,2022-09-01,Senegal,SN,Expresso,3,9.0,173375,2605,7599,-4994,4.43,2.62,0.454,4.01,52.0,61.0,17200000,11.2
2022,10,2022-10-01,Senegal,SN,Orange Sénégal,1,55.0,1059520,15208,25739,-10531,2.437,4.76,5.045,4.22,52.0,61.0,17200000,11.2
2022,10,2022-10-01,Senegal,SN,Free Sénégal,2,36.0,693504,10594,25988,-15394,3.809,3.14,2.181,4.56,52.0,61.0,17200000,11.2
2022,10,2022-10-01,Senegal,SN,Expresso,3,9.0,173375,2454,7759,-5305,4.535,2.57,0.445,4.57,52.0,61.0,17200000,11.2
2022,11,2022-11-01,Senegal,SN,Orange Sénégal,1,55.0,1059520,15501,25318,-9817,2.406,4.65,4.927,4.87,52.0,61.0,17200000,11.2
2022,11,2022-11-01,Senegal,SN,Free Sénégal,2,36.0,693504,10604,26288,-15684,3.773,3.03,2.104,4.96,52.0,61.0,17200000,11.2
2022,11,2022-11-01,Senegal,SN,Expresso,3,9.0,173375,2569,7815,-5246,4.456,2.48,0.43,5.03,52.0,61.0,17200000,11.2
2022,12,2022-12-01,Senegal,SN,Orange Sénégal,1,55.0,1059520,15633,26017,-10384,2.41,4.59,4.864,4.91,52.0,61.0,17200000,11.2
2022,12,2022-12-01,Senegal,SN,Free Sénégal,2,36.0,693504,9742,26098,-16356,3.766,3.09,2.141,5.17,52.0,61.0,17200000,11.2
2022,12,2022-12-01,Senegal,SN,Expresso,3,9.0,173375,2497,7980,-5483,4.537,2.49,0.431,5.79,52.0,61.0,17200000,11.2
2023,1,2023-01-01,Senegal,SN,Orange Sénégal,1,55.5,1275727,17997,29564,-11567,2.343,4.85,6.192,2.18,59.0,66.0,17681600,13.0
2023,1,2023-01-01,Senegal,SN,Free Sénégal,2,35.7,820603,12051,30441,-18390,3.712,3.17,2.603,2.03,59.0,66.0,17681600,13.0
2023,1,2023-01-01,Senegal,SN,Expresso,3,8.8,202277,3004,8808,-5804,4.346,2.56,0.518,2.22,59.0,66.0,17681600,13.0
2023,2,2023-02-01,Senegal,SN,Orange Sénégal,1,55.5,1275727,18255,29859,-11604,2.337,4.9,6.247,2.36,59.0,66.0,17681600,13.0
2023,2,2023-02-01,Senegal,SN,Free Sénégal,2,35.7,820603,12265,30684,-18419,3.699,3.31,2.719,2.33,59.0,66.0,17681600,13.0
2023,2,2023-02-01,Senegal,SN,Expresso,3,8.8,202277,3019,8791,-5772,4.324,2.67,0.54,2.98,59.0,66.0,17681600,13.0
2023,3,2023-03-01,Senegal,SN,Orange Sénégal,1,55.5,1275727,19787,30153,-10366,2.341,5.04,6.431,2.76,59.0,66.0,17681600,13.0
2023,3,2023-03-01,Senegal,SN,Free Sénégal,2,35.7,820603,12023,30404,-18381,3.714,3.3,2.711,2.81,59.0,66.0,17681600,13.0
2023,3,2023-03-01,Senegal,SN,Expresso,3,8.8,202277,2864,9095,-6231,4.466,2.64,0.534,2.73,59.0,66.0,17681600,13.0
2023,4,2023-04-01,Senegal,SN,Orange Sénégal,1,55.5,1275727,19556,29698,-10142,2.353,5.04,6.426,3.21,59.0,66.0,17681600,13.0
2023,4,2023-04-01,Senegal,SN,Free Sénégal,2,35.7,820603,12636,30040,-17404,3.659,3.36,2.758,3.43,59.0,66.0,17681600,13.0
2023,4,2023-04-01,Senegal,SN,Expresso,3,8.8,202277,2906,8901,-5995,4.393,2.73,0.552,3.23,59.0,66.0,17681600,13.0
2023,5,2023-05-01,Senegal,SN,Orange Sénégal,1,55.5,1275727,19730,29612,-9882,2.31,5.23,6.675,3.2,59.0,66.0,17681600,13.0
2023,5,2023-05-01,Senegal,SN,Free Sénégal,2,35.7,820603,12553,29949,-17396,3.674,3.53,2.9,3.47,59.0,66.0,17681600,13.0
2023,5,2023-05-01,Senegal,SN,Expresso,3,8.8,202277,3225,8903,-5678,4.31,2.84,0.575,3.14,59.0,66.0,17681600,13.0
2023,6,2023-06-01,Senegal,SN,Orange Sénégal,1,55.5,1275727,20657,29345,-8688,2.317,5.23,6.667,3.84,59.0,66.0,17681600,13.0
2023,6,2023-06-01,Senegal,SN,Free Sénégal,2,35.7,820603,12778,28995,-16217,3.652,3.41,2.797,3.65,59.0,66.0,17681600,13.0
2023,6,2023-06-01,Senegal,SN,Expresso,3,8.8,202277,3310,8594,-5284,4.311,2.79,0.565,3.72,59.0,66.0,17681600,13.0
2023,7,2023-07-01,Senegal,SN,Orange Sénégal,1,55.5,1275727,18945,30477,-11532,2.362,5.17,6.59,3.8,59.0,66.0,17681600,13.0
2023,7,2023-07-01,Senegal,SN,Free Sénégal,2,35.7,820603,12811,30204,-17393,3.703,3.45,2.829,3.92,59.0,66.0,17681600,13.0
2023,7,2023-07-01,Senegal,SN,Expresso,3,8.8,202277,3201,8979,-5778,4.37,2.75,0.555,4.43,59.0,66.0,17681600,13.0
2023,8,2023-08-01,Senegal,SN,Orange Sénégal,1,55.5,1275727,19429,29290,-9861,2.283,5.11,6.523,4.17,59.0,66.0,17681600,13.0
2023,8,2023-08-01,Senegal,SN,Free Sénégal,2,35.7,820603,12369,30006,-17637,3.678,3.44,2.821,4.38,59.0,66.0,17681600,13.0
2023,8,2023-08-01,Senegal,SN,Expresso,3,8.8,202277,3178,8795,-5617,4.335,2.79,0.565,4.44,59.0,66.0,17681600,13.0
2023,9,2023-09-01,Senegal,SN,Orange Sénégal,1,55.5,1275727,18814,29672,-10858,2.309,5.04,6.427,4.6,59.0,66.0,17681600,13.0
2023,9,2023-09-01,Senegal,SN,Free Sénégal,2,35.7,820603,12780,30103,-17323,3.69,3.36,2.753,4.55,59.0,66.0,17681600,13.0
2023,9,2023-09-01,Senegal,SN,Expresso,3,8.8,202277,3134,8882,-5748,4.355,2.74,0.554,4.9,59.0,66.0,17681600,13.0
2023,10,2023-10-01,Senegal,SN,Orange Sénégal,1,55.5,1275727,19136,29612,-10476,2.328,4.92,6.271,4.87,59.0,66.0,17681600,13.0
2023,10,2023-10-01,Senegal,SN,Free Sénégal,2,35.7,820603,12278,30029,-17751,3.69,3.36,2.76,4.65,59.0,66.0,17681600,13.0
2023,10,2023-10-01,Senegal,SN,Expresso,3,8.8,202277,3076,8791,-5715,4.312,2.67,0.541,5.05,59.0,66.0,17681600,13.0
2023,11,2023-11-01,Senegal,SN,Orange Sénégal,1,55.5,1275727,17975,29717,-11742,2.328,4.77,6.085,5.45,59.0,66.0,17681600,13.0
2023,11,2023-11-01,Senegal,SN,Free Sénégal,2,35.7,820603,11588,30105,-18517,3.681,3.23,2.653,5.05,59.0,66.0,17681600,13.0
2023,11,2023-11-01,Senegal,SN,Expresso,3,8.8,202277,2950,8778,-5828,4.329,2.59,0.524,5.08,59.0,66.0,17681600,13.0
2023,12,2023-12-01,Senegal,SN,Orange Sénégal,1,55.5,1275727,17572,29348,-11776,2.333,4.74,6.048,5.44,59.0,66.0,17681600,13.0
2023,12,2023-12-01,Senegal,SN,Free Sénégal,2,35.7,820603,12339,30601,-18262,3.697,3.19,2.615,5.49,59.0,66.0,17681600,13.0
2023,12,2023-12-01,Senegal,SN,Expresso,3,8.8,202277,2911,8715,-5804,4.321,2.61,0.528,5.27,59.0,66.0,17681600,13.0
2024,1,2024-01-01,Senegal,SN,Orange Sénégal,1,56.0,1547199,23434,35047,-11613,2.268,5.13,7.934,2.69,67.0,72.0,18176684,15.2
2024,1,2024-01-01,Senegal,SN,Free Sénégal,2,35.4,978051,14257,34800,-20543,3.558,3.4,3.328,2.5,67.0,72.0,18176684,15.2
2024,1,2024-01-01,Senegal,SN,Expresso,3,8.6,237605,3492,10199,-6707,4.231,2.8,0.665,2.88,67.0,72.0,18176684,15.2
2024,2,2024-02-01,Senegal,SN,Orange Sénégal,1,56.0,1547199,23339,34700,-11361,2.239,5.34,8.269,2.78,67.0,72.0,18176684,15.2
2024,2,2024-02-01,Senegal,SN,Free Sénégal,2,35.4,978051,14118,33906,-19788,3.542,3.42,3.347,2.79,67.0,72.0,18176684,15.2
2024,2,2024-02-01,Senegal,SN,Expresso,3,8.6,237605,3528,10254,-6726,4.236,2.84,0.675,2.82,67.0,72.0,18176684,15.2
2024,3,2024-03-01,Senegal,SN,Orange Sénégal,1,56.0,1547199,23550,34134,-10584,2.236,5.43,8.394,3.39,67.0,72.0,18176684,15.2
2024,3,2024-03-01,Senegal,SN,Free Sénégal,2,35.4,978051,13916,35242,-21326,3.555,3.51,3.437,3.4,67.0,72.0,18176684,15.2
2024,3,2024-03-01,Senegal,SN,Expresso,3,8.6,237605,3499,9890,-6391,4.163,2.86,0.68,3.13,67.0,72.0,18176684,15.2
2024,4,2024-04-01,Senegal,SN,Orange Sénégal,1,56.0,1547199,22913,35072,-12159,2.27,5.4,8.348,3.59,67.0,72.0,18176684,15.2
2024,4,2024-04-01,Senegal,SN,Free Sénégal,2,35.4,978051,14459,34644,-20185,3.597,3.66,3.579,3.56,67.0,72.0,18176684,15.2
2024,4,2024-04-01,Senegal,SN,Expresso,3,8.6,237605,3804,9987,-6183,4.198,2.97,0.705,3.51,67.0,72.0,18176684,15.2
2024,5,2024-05-01,Senegal,SN,Orange Sénégal,1,56.0,1547199,25276,35535,-10259,2.302,5.54,8.575,3.92,67.0,72.0,18176684,15.2
2024,5,2024-05-01,Senegal,SN,Free Sénégal,2,35.4,978051,14739,35657,-20918,3.621,3.7,3.619,3.47,67.0,72.0,18176684,15.2
2024,5,2024-05-01,Senegal,SN,Expresso,3,8.6,237605,3461,9905,-6444,4.18,2.99,0.711,4.09,67.0,72.0,18176684,15.2
2024,6,2024-06-01,Senegal,SN,Orange Sénégal,1,56.0,1547199,25315,34448,-9133,2.258,5.35,8.279,4.09,67.0,72.0,18176684,15.2
2024,6,2024-06-01,Senegal,SN,Free Sénégal,2,35.4,978051,15242,34345,-19103,3.586,3.66,3.576,3.83,67.0,72.0,18176684,15.2
2024,6,2024-06-01,Senegal,SN,Expresso,3,8.6,237605,3747,10022,-6275,4.258,2.95,0.701,3.88,67.0,72.0,18176684,15.2
2024,7,2024-07-01,Senegal,SN,Orange Sénégal,1,56.0,1547199,24699,34539,-9840,2.255,5.5,8.516,4.28,67.0,72.0,18176684,15.2
2024,7,2024-07-01,Senegal,SN,Free Sénégal,2,35.4,978051,15130,34300,-19170,3.544,3.61,3.532,4.14,67.0,72.0,18176684,15.2
2024,7,2024-07-01,Senegal,SN,Expresso,3,8.6,237605,3691,10176,-6485,4.313,2.97,0.705,4.38,67.0,72.0,18176684,15.2
2024,8,2024-08-01,Senegal,SN,Orange Sénégal,1,56.0,1547199,24108,35091,-10983,2.251,5.34,8.266,4.56,67.0,72.0,18176684,15.2
2024,8,2024-08-01,Senegal,SN,Free Sénégal,2,35.4,978051,13930,34311,-20381,3.562,3.66,3.584,5.09,67.0,72.0,18176684,15.2
2024,8,2024-08-01,Senegal,SN,Expresso,3,8.6,237605,3698,10056,-6358,4.219,3.05,0.725,4.96,67.0,72.0,18176684,15.2
2024,9,2024-09-01,Senegal,SN,Orange Sénégal,1,56.0,1547199,22542,34300,-11758,2.253,5.3,8.194,4.81,67.0,72.0,18176684,15.2
2024,9,2024-09-01,Senegal,SN,Free Sénégal,2,35.4,978051,14386,34066,-19680,3.521,3.61,3.53,5.22,67.0,72.0,18176684,15.2
2024,9,2024-09-01,Senegal,SN,Expresso,3,8.6,237605,3722,10057,-6335,4.23,2.82,0.671,5.38,67.0,72.0,18176684,15.2
2024,10,2024-10-01,Senegal,SN,Orange Sénégal,1,56.0,1547199,22036,35026,-12990,2.268,5.11,7.901,4.93,67.0,72.0,18176684,15.2
2024,10,2024-10-01,Senegal,SN,Free Sénégal,2,35.4,978051,15200,34766,-19566,3.605,3.48,3.402,5.13,67.0,72.0,18176684,15.2
2024,10,2024-10-01,Senegal,SN,Expresso,3,8.6,237605,3430,9915,-6485,4.209,2.8,0.666,5.08,67.0,72.0,18176684,15.2
2024,11,2024-11-01,Senegal,SN,Orange Sénégal,1,56.0,1547199,22370,34915,-12545,2.262,5.03,7.779,5.44,67.0,72.0,18176684,15.2
2024,11,2024-11-01,Senegal,SN,Free Sénégal,2,35.4,978051,14375,34855,-20480,3.599,3.4,3.328,5.81,67.0,72.0,18176684,15.2
2024,11,2024-11-01,Senegal,SN,Expresso,3,8.6,237605,3496,9817,-6321,4.159,2.78,0.662,5.39,67.0,72.0,18176684,15.2
2024,12,2024-12-01,Senegal,SN,Orange Sénégal,1,56.0,1547199,21191,34291,-13100,2.215,5.09,7.873,5.63,67.0,72.0,18176684,15.2
2024,12,2024-12-01,Senegal,SN,Free Sénégal,2,35.4,978051,13381,35135,-21754,3.595,3.32,3.245,5.71,67.0,72.0,18176684,15.2
2024,12,2024-12-01,Senegal,SN,Expresso,3,8.6,237605,3333,10016,-6683,4.232,2.79,0.662,5.73,67.0,72.0,18176684,15.2
2025,1,2025-01-01,Senegal,SN,Orange Sénégal,1,56.5,1805312,25255,39968,-14713,2.202,5.44,9.828,2.63,73.0,76.0,18685631,17.1
2025,1,2025-01-01,Senegal,SN,Free Sénégal,2,35.1,1121530,16521,38395,-21874,3.43,3.57,4.006,2.91,73.0,76.0,18685631,17.1
2025,1,2025-01-01,Senegal,SN,Expresso,3,8.4,268400,3868,11128,-7260,4.099,2.9,0.778,3.05,73.0,76.0,18685631,17.1
2025,2,2025-02-01,Senegal,SN,Orange Sénégal,1,56.5,1805312,26149,39095,-12946,2.175,5.44,9.824,3.23,73.0,76.0,18685631,17.1
2025,2,2025-02-01,Senegal,SN,Free Sénégal,2,35.1,1121530,17512,39233,-21721,3.468,3.59,4.025,3.5,73.0,76.0,18685631,17.1
2025,2,2025-02-01,Senegal,SN,Expresso,3,8.4,268400,3704,10835,-7131,4.078,2.85,0.764,3.24,73.0,76.0,18685631,17.1
2025,3,2025-03-01,Senegal,SN,Orange Sénégal,1,56.5,1805312,28441,39564,-11123,2.184,5.5,9.933,3.75,73.0,76.0,18685631,17.1
2025,3,2025-03-01,Senegal,SN,Free Sénégal,2,35.1,1121530,16941,38217,-21276,3.382,3.6,4.036,3.81,73.0,76.0,18685631,17.1
2025,3,2025-03-01,Senegal,SN,Expresso,3,8.4,268400,3975,11097,-7122,4.109,3.09,0.83,3.63,73.0,76.0,18685631,17.1
2025,4,2025-04-01,Senegal,SN,Orange Sénégal,1,56.5,1805312,27240,39189,-11949,2.189,5.7,10.291,3.73,73.0,76.0,18685631,17.1
2025,4,2025-04-01,Senegal,SN,Free Sénégal,2,35.1,1121530,16913,38996,-22083,3.46,3.77,4.231,4.1,73.0,76.0,18685631,17.1
2025,4,2025-04-01,Senegal,SN,Expresso,3,8.4,268400,4073,10827,-6754,4.074,3.03,0.813,3.97,73.0,76.0,18685631,17.1
2025,5,2025-05-01,Senegal,SN,Orange Sénégal,1,56.5,1805312,27242,40071,-12829,2.201,5.83,10.52,4.29,73.0,76.0,18685631,17.1
2025,5,2025-05-01,Senegal,SN,Free Sénégal,2,35.1,1121530,17001,39018,-22017,3.523,3.71,4.156,4.51,73.0,76.0,18685631,17.1
2025,5,2025-05-01,Senegal,SN,Expresso,3,8.4,268400,4158,11093,-6935,4.122,3.04,0.816,4.71,73.0,76.0,18685631,17.1
2025,6,2025-06-01,Senegal,SN,Orange Sénégal,1,56.5,1805312,28255,39765,-11510,2.187,5.78,10.439,4.55,73.0,76.0,18685631,17.1
2025,6,2025-06-01,Senegal,SN,Free Sénégal,2,35.1,1121530,17743,39200,-21457,3.431,3.9,4.379,4.86,73.0,76.0,18685631,17.1
2025,6,2025-06-01,Senegal,SN,Expresso,3,8.4,268400,4062,10921,-6859,4.074,3.11,0.835,4.75,73.0,76.0,18685631,17.1
2025,7,2025-07-01,Senegal,SN,Orange Sénégal,1,56.5,1805312,29303,38699,-9396,2.147,5.67,10.245,4.56,73.0,76.0,18685631,17.1
2025,7,2025-07-01,Senegal,SN,Free Sénégal,2,35.1,1121530,17835,38168,-20333,3.401,3.73,4.188,4.49,73.0,76.0,18685631,17.1
2025,7,2025-07-01,Senegal,SN,Expresso,3,8.4,268400,4374,10925,-6551,4.081,3.02,0.812,4.74,73.0,76.0,18685631,17.1
2025,8,2025-08-01,Senegal,SN,Orange Sénégal,1,56.5,1805312,25386,39299,-13913,2.178,5.61,10.129,5.28,73.0,76.0,18685631,17.1
2025,8,2025-08-01,Senegal,SN,Free Sénégal,2,35.1,1121530,17739,39393,-21654,3.522,3.69,4.14,5.76,73.0,76.0,18685631,17.1
2025,8,2025-08-01,Senegal,SN,Expresso,3,8.4,268400,4108,10994,-6886,4.097,3.06,0.821,5.06,73.0,76.0,18685631,17.1
2025,9,2025-09-01,Senegal,SN,Orange Sénégal,1,56.5,1805312,26635,39188,-12553,2.171,5.48,9.884,5.21,73.0,76.0,18685631,17.1
2025,9,2025-09-01,Senegal,SN,Free Sénégal,2,35.1,1121530,16694,39407,-22713,3.462,3.53,3.963,5.69,73.0,76.0,18685631,17.1
2025,9,2025-09-01,Senegal,SN,Expresso,3,8.4,268400,3775,11089,-7314,4.146,2.97,0.798,5.02,73.0,76.0,18685631,17.1
2025,10,2025-10-01,Senegal,SN,Orange Sénégal,1,56.5,1805312,25653,39806,-14153,2.167,5.49,9.903,6.06,73.0,76.0,18685631,17.1
2025,10,2025-10-01,Senegal,SN,Free Sénégal,2,35.1,1121530,15928,38857,-22929,3.483,3.63,4.074,5.35,73.0,76.0,18685631,17.1
2025,10,2025-10-01,Senegal,SN,Expresso,3,8.4,268400,3917,11027,-7110,4.124,2.96,0.795,5.83,73.0,76.0,18685631,17.1
2025,11,2025-11-01,Senegal,SN,Orange Sénégal,1,56.5,1805312,27050,38860,-11810,2.176,5.38,9.709,6.18,73.0,76.0,18685631,17.1
2025,11,2025-11-01,Senegal,SN,Free Sénégal,2,35.1,1121530,16399,38178,-21779,3.447,3.6,4.039,5.94,73.0,76.0,18685631,17.1
2025,11,2025-11-01,Senegal,SN,Expresso,3,8.4,268400,4008,10856,-6848,4.074,2.83,0.758,5.53,73.0,76.0,18685631,17.1
2025,12,2025-12-01,Senegal,SN,Orange Sénégal,1,56.5,1805312,24997,40363,-15366,2.197,5.13,9.268,6.83,73.0,76.0,18685631,17.1
2025,12,2025-12-01,Senegal,SN,Free Sénégal,2,35.1,1121530,16103,38652,-22549,3.465,3.55,3.986,6.29,73.0,76.0,18685631,17.1
2025,12,2025-12-01,Senegal,SN,Expresso,3,8.4,268400,3878,11128,-7250,4.14,2.85,0.766,6.28,73.0,76.0,18685631,17.1
2026,1,2026-01-01,Senegal,SN,Orange Sénégal,1,57.0,2036520,27976,42562,-14586,2.119,5.53,11.259,3.43,78.0,79.0,19208829,18.6
2026,1,2026-01-01,Senegal,SN,Free Sénégal,2,34.8,1243349,18014,41645,-23631,3.338,3.62,4.496,3.27,78.0,79.0,19208829,18.6
2026,1,2026-01-01,Senegal,SN,Expresso,3,8.2,292973,4117,11671,-7554,3.968,2.89,0.846,3.57,78.0,79.0,19208829,18.6
2026,2,2026-02-01,Senegal,SN,Orange Sénégal,1,57.0,2036520,30166,43639,-13473,2.122,5.69,11.587,3.89,78.0,79.0,19208829,18.6
2026,2,2026-02-01,Senegal,SN,Free Sénégal,2,34.8,1243349,17575,40557,-22982,3.282,3.7,4.603,3.8,78.0,79.0,19208829,18.6
2026,2,2026-02-01,Senegal,SN,Expresso,3,8.2,292973,4330,11430,-7100,3.931,2.98,0.873,3.44,78.0,79.0,19208829,18.6
2026,3,2026-03-01,Senegal,SN,Orange Sénégal,1,57.0,2036520,29309,42198,-12889,2.093,5.75,11.717,3.81,78.0,79.0,19208829,18.6
2026,3,2026-03-01,Senegal,SN,Free Sénégal,2,34.8,1243349,18926,42750,-23824,3.432,3.73,4.634,4.14,78.0,79.0,19208829,18.6
2026,3,2026-03-01,Senegal,SN,Expresso,3,8.2,292973,4410,11830,-7420,3.937,3.06,0.898,4.23,78.0,79.0,19208829,18.6
2026,4,2026-04-01,Senegal,SN,Orange Sénégal,1,57.0,2036520,31126,43465,-12339,2.097,5.72,11.655,4.69,78.0,79.0,19208829,18.6
2026,4,2026-04-01,Senegal,SN,Free Sénégal,2,34.8,1243349,18702,42136,-23434,3.368,3.91,4.859,4.43,78.0,79.0,19208829,18.6
2026,4,2026-04-01,Senegal,SN,Expresso,3,8.2,292973,4384,11391,-7007,3.898,3.13,0.916,4.43,78.0,79.0,19208829,18.6
2026,5,2026-05-01,Senegal,SN,Orange Sénégal,1,57.0,2036520,30339,43251,-12912,2.116,5.91,12.044,4.73,78.0,79.0,19208829,18.6
2026,5,2026-05-01,Senegal,SN,Free Sénégal,2,34.8,1243349,19779,42219,-22440,3.38,3.9,4.852,4.22,78.0,79.0,19208829,18.6
2026,5,2026-05-01,Senegal,SN,Expresso,3,8.2,292973,4575,11683,-7108,3.977,3.11,0.912,4.35,78.0,79.0,19208829,18.6
2026,6,2026-06-01,Senegal,SN,Orange Sénégal,1,57.0,2036520,31732,43760,-12028,2.134,5.89,12.001,4.91,78.0,79.0,19208829,18.6
2026,6,2026-06-01,Senegal,SN,Free Sénégal,2,34.8,1243349,19095,42008,-22913,3.375,3.9,4.849,4.79,78.0,79.0,19208829,18.6
2026,6,2026-06-01,Senegal,SN,Expresso,3,8.2,292973,4600,11510,-6910,3.948,3.25,0.952,4.68,78.0,79.0,19208829,18.6
2026,7,2026-07-01,Senegal,SN,Orange Sénégal,1,57.0,2036520,31189,43552,-12363,2.108,5.88,11.97,5.47,78.0,79.0,19208829,18.6
2026,7,2026-07-01,Senegal,SN,Free Sénégal,2,34.8,1243349,19450,41324,-21874,3.294,3.91,4.864,5.48,78.0,79.0,19208829,18.6
2026,7,2026-07-01,Senegal,SN,Expresso,3,8.2,292973,4739,11807,-7068,3.94,3.16,0.925,5.08,78.0,79.0,19208829,18.6
2026,8,2026-08-01,Senegal,SN,Orange Sénégal,1,57.0,2036520,32635,43408,-10773,2.143,5.74,11.691,5.42,78.0,79.0,19208829,18.6
2026,8,2026-08-01,Senegal,SN,Free Sénégal,2,34.8,1243349,18498,40606,-22108,3.299,3.81,4.734,5.49,78.0,79.0,19208829,18.6
2026,8,2026-08-01,Senegal,SN,Expresso,3,8.2,292973,4690,11512,-6822,3.969,3.18,0.93,5.44,78.0,79.0,19208829,18.6
2026,9,2026-09-01,Senegal,SN,Orange Sénégal,1,57.0,2036520,31166,42507,-11341,2.111,5.7,11.601,5.85,78.0,79.0,19208829,18.6
2026,9,2026-09-01,Senegal,SN,Free Sénégal,2,34.8,1243349,18812,42808,-23996,3.36,3.74,4.65,5.65,78.0,79.0,19208829,18.6
2026,9,2026-09-01,Senegal,SN,Expresso,3,8.2,292973,4321,11455,-7134,3.935,3.12,0.915,6.21,78.0,79.0,19208829,18.6
2026,10,2026-10-01,Senegal,SN,Orange Sénégal,1,57.0,2036520,29189,42967,-13778,2.1,5.5,11.211,6.29,78.0,79.0,19208829,18.6
2026,10,2026-10-01,Senegal,SN,Free Sénégal,2,34.8,1243349,17446,42306,-24860,3.351,3.8,4.725,5.91,78.0,79.0,19208829,18.6
2026,10,2026-10-01,Senegal,SN,Expresso,3,8.2,292973,4343,11595,-7252,3.945,3.04,0.89,6.71,78.0,79.0,19208829,18.6
2026,11,2026-11-01,Senegal,SN,Orange Sénégal,1,57.0,2036520,28783,42342,-13559,2.108,5.41,11.013,6.39,78.0,79.0,19208829,18.6
2026,11,2026-11-01,Senegal,SN,Free Sénégal,2,34.8,1243349,17724,42418,-24694,3.404,3.64,4.531,6.78,78.0,79.0,19208829,18.6
2026,11,2026-11-01,Senegal,SN,Expresso,3,8.2,292973,4174,11836,-7662,4.06,3.01,0.881,6.62,78.0,79.0,19208829,18.6
2026,12,2026-12-01,Senegal,SN,Orange Sénégal,1,57.0,2036520,29839,43648,-13809,2.151,5.49,11.172,7.07,78.0,79.0,19208829,18.6
2026,12,2026-12-01,Senegal,SN,Free Sénégal,2,34.8,1243349,18176,42365,-24189,3.371,3.69,4.586,7.16,78.0,79.0,19208829,18.6
2026,12,2026-12-01,Senegal,SN,Expresso,3,8.2,292973,4197,11694,-7497,3.986,3.0,0.879,6.43,78.0,79.0,19208829,18.6
2022,1,2022-01-01,Cote dIvoire,CI,Orange CI,1,42.0,1593900,22807,33604,-10797,2.108,5.51,8.782,1.82,61.0,72.0,27500000,13.8
2022,1,2022-01-01,Cote dIvoire,CI,MTN CI,2,38.0,1442100,20030,37791,-17761,2.601,4.78,6.888,1.99,61.0,72.0,27500000,13.8
2022,1,2022-01-01,Cote dIvoire,CI,Moov Africa CI,3,20.0,759000,11062,31100,-20038,4.087,3.36,2.55,1.79,61.0,72.0,27500000,13.8
2022,2,2022-02-01,Cote dIvoire,CI,Orange CI,1,42.0,1593900,23857,33627,-9770,2.106,5.45,8.689,2.12,61.0,72.0,27500000,13.8
2022,2,2022-02-01,Cote dIvoire,CI,MTN CI,2,38.0,1442100,20546,37947,-17401,2.628,4.75,6.852,2.23,61.0,72.0,27500000,13.8
2022,2,2022-02-01,Cote dIvoire,CI,Moov Africa CI,3,20.0,759000,10970,30760,-19790,4.038,3.41,2.588,2.09,61.0,72.0,27500000,13.8
2022,3,2022-03-01,Cote dIvoire,CI,Orange CI,1,42.0,1593900,25257,32804,-7547,2.088,5.42,8.631,2.45,61.0,72.0,27500000,13.8
2022,3,2022-03-01,Cote dIvoire,CI,MTN CI,2,38.0,1442100,20968,37570,-16602,2.587,4.92,7.092,2.33,61.0,72.0,27500000,13.8
2022,3,2022-03-01,Cote dIvoire,CI,Moov Africa CI,3,20.0,759000,11682,30920,-19238,4.048,3.39,2.577,2.62,61.0,72.0,27500000,13.8
2022,4,2022-04-01,Cote dIvoire,CI,Orange CI,1,42.0,1593900,23270,32884,-9614,2.078,5.71,9.098,2.73,61.0,72.0,27500000,13.8
2022,4,2022-04-01,Cote dIvoire,CI,MTN CI,2,38.0,1442100,22297,36936,-14639,2.594,5.11,7.364,2.69,61.0,72.0,27500000,13.8
2022,4,2022-04-01,Cote dIvoire,CI,Moov Africa CI,3,20.0,759000,11732,31610,-19878,4.146,3.5,2.655,2.76,61.0,72.0,27500000,13.8
2022,5,2022-05-01,Cote dIvoire,CI,Orange CI,1,42.0,1593900,25723,33753,-8030,2.113,5.86,9.333,2.99,61.0,72.0,27500000,13.8
2022,5,2022-05-01,Cote dIvoire,CI,MTN CI,2,38.0,1442100,21926,38719,-16793,2.637,5.07,7.307,2.79,61.0,72.0,27500000,13.8
2022,5,2022-05-01,Cote dIvoire,CI,Moov Africa CI,3,20.0,759000,11538,31420,-19882,4.105,3.48,2.644,2.93,61.0,72.0,27500000,13.8
2022,6,2022-06-01,Cote dIvoire,CI,Orange CI,1,42.0,1593900,24527,32043,-7516,2.06,5.69,9.062,3.43,61.0,72.0,27500000,13.8
2022,6,2022-06-01,Cote dIvoire,CI,MTN CI,2,38.0,1442100,22783,37423,-14640,2.62,5.09,7.344,3.3,61.0,72.0,27500000,13.8
2022,6,2022-06-01,Cote dIvoire,CI,Moov Africa CI,3,20.0,759000,12374,31028,-18654,4.053,3.52,2.675,3.3,61.0,72.0,27500000,13.8
2022,7,2022-07-01,Cote dIvoire,CI,Orange CI,1,42.0,1593900,23221,33458,-10237,2.104,5.73,9.141,3.42,61.0,72.0,27500000,13.8
2022,7,2022-07-01,Cote dIvoire,CI,MTN CI,2,38.0,1442100,23587,37628,-14041,2.593,5.03,7.248,3.7,61.0,72.0,27500000,13.8
2022,7,2022-07-01,Cote dIvoire,CI,Moov Africa CI,3,20.0,759000,12106,31573,-19467,4.157,3.48,2.644,3.73,61.0,72.0,27500000,13.8
2022,8,2022-08-01,Cote dIvoire,CI,Orange CI,1,42.0,1593900,25041,33817,-8776,2.108,5.8,9.248,3.8,61.0,72.0,27500000,13.8
2022,8,2022-08-01,Cote dIvoire,CI,MTN CI,2,38.0,1442100,22194,38776,-16582,2.634,4.95,7.133,4.24,61.0,72.0,27500000,13.8
2022,8,2022-08-01,Cote dIvoire,CI,Moov Africa CI,3,20.0,759000,11385,31029,-19644,4.108,3.45,2.62,3.98,61.0,72.0,27500000,13.8
2022,9,2022-09-01,Cote dIvoire,CI,Orange CI,1,42.0,1593900,23497,33638,-10141,2.111,5.78,9.213,4.56,61.0,72.0,27500000,13.8
2022,9,2022-09-01,Cote dIvoire,CI,MTN CI,2,38.0,1442100,21656,37703,-16047,2.611,4.95,7.131,3.99,61.0,72.0,27500000,13.8
2022,9,2022-09-01,Cote dIvoire,CI,Moov Africa CI,3,20.0,759000,10815,31162,-20347,4.089,3.43,2.606,4.1,61.0,72.0,27500000,13.8
2022,10,2022-10-01,Cote dIvoire,CI,Orange CI,1,42.0,1593900,22568,33500,-10932,2.133,5.51,8.777,4.74,61.0,72.0,27500000,13.8
2022,10,2022-10-01,Cote dIvoire,CI,MTN CI,2,38.0,1442100,20907,38537,-17630,2.644,4.8,6.921,4.46,61.0,72.0,27500000,13.8
2022,10,2022-10-01,Cote dIvoire,CI,Moov Africa CI,3,20.0,759000,11375,30899,-19524,4.136,3.41,2.585,4.81,61.0,72.0,27500000,13.8
2022,11,2022-11-01,Cote dIvoire,CI,Orange CI,1,42.0,1593900,23354,33426,-10072,2.087,5.43,8.65,4.67,61.0,72.0,27500000,13.8
2022,11,2022-11-01,Cote dIvoire,CI,MTN CI,2,38.0,1442100,20866,37679,-16813,2.583,4.77,6.877,4.71,61.0,72.0,27500000,13.8
2022,11,2022-11-01,Cote dIvoire,CI,Moov Africa CI,3,20.0,759000,10051,31719,-21668,4.132,3.2,2.426,4.71,61.0,72.0,27500000,13.8
2022,12,2022-12-01,Cote dIvoire,CI,Orange CI,1,42.0,1593900,22060,33481,-11421,2.076,5.34,8.509,5.19,61.0,72.0,27500000,13.8
2022,12,2022-12-01,Cote dIvoire,CI,MTN CI,2,38.0,1442100,21063,37505,-16442,2.599,4.61,6.653,5.35,61.0,72.0,27500000,13.8
2022,12,2022-12-01,Cote dIvoire,CI,Moov Africa CI,3,20.0,759000,10419,30832,-20413,4.08,3.34,2.533,5.32,61.0,72.0,27500000,13.8
2023,1,2023-01-01,Cote dIvoire,CI,Orange CI,1,42.5,1819136,26065,36807,-10742,2.03,5.85,10.648,2.24,67.0,76.0,28160000,15.2
2023,1,2023-01-01,Cote dIvoire,CI,MTN CI,2,37.7,1613680,24088,40969,-16881,2.533,4.95,7.984,2.18,67.0,76.0,28160000,15.2
2023,1,2023-01-01,Cote dIvoire,CI,Moov Africa CI,3,19.8,847503,12258,33926,-21668,3.974,3.45,2.923,2.28,67.0,76.0,28160000,15.2
2023,2,2023-02-01,Cote dIvoire,CI,Orange CI,1,42.5,1819136,26804,36286,-9482,2.035,5.84,10.627,2.54,67.0,76.0,28160000,15.2
2023,2,2023-02-01,Cote dIvoire,CI,MTN CI,2,37.7,1613680,21660,41961,-20301,2.547,5.03,8.119,2.64,67.0,76.0,28160000,15.2
2023,2,2023-02-01,Cote dIvoire,CI,Moov Africa CI,3,19.8,847503,12687,33003,-20316,3.936,3.47,2.937,2.74,67.0,76.0,28160000,15.2
2023,3,2023-03-01,Cote dIvoire,CI,Orange CI,1,42.5,1819136,27465,37306,-9841,2.033,5.92,10.776,2.82,67.0,76.0,28160000,15.2
2023,3,2023-03-01,Cote dIvoire,CI,MTN CI,2,37.7,1613680,25950,40822,-14872,2.531,5.16,8.327,2.95,67.0,76.0,28160000,15.2
2023,3,2023-03-01,Cote dIvoire,CI,Moov Africa CI,3,19.8,847503,13165,34295,-21130,4.021,3.51,2.974,3.03,67.0,76.0,28160000,15.2
2023,4,2023-04-01,Cote dIvoire,CI,Orange CI,1,42.5,1819136,28085,36354,-8269,2.014,5.99,10.9,3.15,67.0,76.0,28160000,15.2
2023,4,2023-04-01,Cote dIvoire,CI,MTN CI,2,37.7,1613680,25001,41486,-16485,2.53,5.28,8.526,3.06,67.0,76.0,28160000,15.2
2023,4,2023-04-01,Cote dIvoire,CI,Moov Africa CI,3,19.8,847503,13429,33612,-20183,4.015,3.67,3.114,3.21,67.0,76.0,28160000,15.2
2023,5,2023-05-01,Cote dIvoire,CI,Orange CI,1,42.5,1819136,29397,36890,-7493,2.031,6.1,11.088,3.37,67.0,76.0,28160000,15.2
2023,5,2023-05-01,Cote dIvoire,CI,MTN CI,2,37.7,1613680,24220,40117,-15897,2.522,5.45,8.795,3.26,67.0,76.0,28160000,15.2
2023,5,2023-05-01,Cote dIvoire,CI,Moov Africa CI,3,19.8,847503,12303,33157,-20854,3.938,3.62,3.068,3.68,67.0,76.0,28160000,15.2
2023,6,2023-06-01,Cote dIvoire,CI,Orange CI,1,42.5,1819136,27792,38273,-10481,2.058,6.21,11.288,3.64,67.0,76.0,28160000,15.2
2023,6,2023-06-01,Cote dIvoire,CI,MTN CI,2,37.7,1613680,26903,39128,-12225,2.459,5.22,8.421,3.89,67.0,76.0,28160000,15.2
2023,6,2023-06-01,Cote dIvoire,CI,Moov Africa CI,3,19.8,847503,13770,34722,-20952,4.074,3.75,3.175,3.86,67.0,76.0,28160000,15.2
2023,7,2023-07-01,Cote dIvoire,CI,Orange CI,1,42.5,1819136,28470,37375,-8905,2.052,6.08,11.057,3.85,67.0,76.0,28160000,15.2
2023,7,2023-07-01,Cote dIvoire,CI,MTN CI,2,37.7,1613680,23771,40542,-16771,2.515,5.24,8.463,3.78,67.0,76.0,28160000,15.2
2023,7,2023-07-01,Cote dIvoire,CI,Moov Africa CI,3,19.8,847503,13702,34075,-20373,3.984,3.61,3.057,3.8,67.0,76.0,28160000,15.2
2023,8,2023-08-01,Cote dIvoire,CI,Orange CI,1,42.5,1819136,27012,37320,-10308,2.056,6.05,11.0,4.09,67.0,76.0,28160000,15.2
2023,8,2023-08-01,Cote dIvoire,CI,MTN CI,2,37.7,1613680,23701,40494,-16793,2.525,5.27,8.509,3.96,67.0,76.0,28160000,15.2
2023,8,2023-08-01,Cote dIvoire,CI,Moov Africa CI,3,19.8,847503,12959,34040,-21081,3.995,3.65,3.096,4.59,67.0,76.0,28160000,15.2
2023,9,2023-09-01,Cote dIvoire,CI,Orange CI,1,42.5,1819136,26935,37147,-10212,2.04,5.93,10.784,4.61,67.0,76.0,28160000,15.2
2023,9,2023-09-01,Cote dIvoire,CI,MTN CI,2,37.7,1613680,23695,40443,-16748,2.523,5.04,8.128,5.0,67.0,76.0,28160000,15.2
2023,9,2023-09-01,Cote dIvoire,CI,Moov Africa CI,3,19.8,847503,12448,33046,-20598,3.928,3.62,3.066,4.53,67.0,76.0,28160000,15.2
2023,10,2023-10-01,Cote dIvoire,CI,Orange CI,1,42.5,1819136,26200,37622,-11422,2.062,5.69,10.351,5.43,67.0,76.0,28160000,15.2
2023,10,2023-10-01,Cote dIvoire,CI,MTN CI,2,37.7,1613680,23941,40468,-16527,2.492,5.07,8.187,4.85,67.0,76.0,28160000,15.2
2023,10,2023-10-01,Cote dIvoire,CI,Moov Africa CI,3,19.8,847503,12474,33611,-21137,3.972,3.55,3.008,5.44,67.0,76.0,28160000,15.2
2023,11,2023-11-01,Cote dIvoire,CI,Orange CI,1,42.5,1819136,25259,36816,-11557,2.026,5.9,10.726,4.99,67.0,76.0,28160000,15.2
2023,11,2023-11-01,Cote dIvoire,CI,MTN CI,2,37.7,1613680,24542,41135,-16593,2.563,5.01,8.083,5.62,67.0,76.0,28160000,15.2
2023,11,2023-11-01,Cote dIvoire,CI,Moov Africa CI,3,19.8,847503,12197,33382,-21185,3.962,3.39,2.876,5.03,67.0,76.0,28160000,15.2
2023,12,2023-12-01,Cote dIvoire,CI,Orange CI,1,42.5,1819136,26222,36320,-10098,2.012,5.66,10.305,5.07,67.0,76.0,28160000,15.2
2023,12,2023-12-01,Cote dIvoire,CI,MTN CI,2,37.7,1613680,23818,40017,-16199,2.53,4.97,8.015,5.84,67.0,76.0,28160000,15.2
2023,12,2023-12-01,Cote dIvoire,CI,Moov Africa CI,3,19.8,847503,12816,33437,-20621,3.929,3.39,2.874,5.48,67.0,76.0,28160000,15.2
2024,1,2024-01-01,Cote dIvoire,CI,Orange CI,1,43.0,2083101,30232,41572,-11340,1.985,5.97,12.438,2.62,74.0,80.0,28835840,16.8
2024,1,2024-01-01,Cote dIvoire,CI,MTN CI,2,37.4,1811813,26148,43260,-17112,2.409,5.24,9.493,2.76,74.0,80.0,28835840,16.8
2024,1,2024-01-01,Cote dIvoire,CI,Moov Africa CI,3,19.6,949506,14000,36589,-22589,3.896,3.66,3.474,2.76,74.0,80.0,28835840,16.8
2024,2,2024-02-01,Cote dIvoire,CI,Orange CI,1,43.0,2083101,32752,41340,-8588,1.977,6.16,12.841,2.86,74.0,80.0,28835840,16.8
2024,2,2024-02-01,Cote dIvoire,CI,MTN CI,2,37.4,1811813,26511,44653,-18142,2.447,5.46,9.884,2.79,74.0,80.0,28835840,16.8
2024,2,2024-02-01,Cote dIvoire,CI,Moov Africa CI,3,19.6,949506,13188,36290,-23102,3.803,3.67,3.485,2.59,74.0,80.0,28835840,16.8
2024,3,2024-03-01,Cote dIvoire,CI,Orange CI,1,43.0,2083101,33583,41277,-7694,1.982,6.35,13.23,3.21,74.0,80.0,28835840,16.8
2024,3,2024-03-01,Cote dIvoire,CI,MTN CI,2,37.4,1811813,27926,44108,-16182,2.442,5.51,9.983,3.25,74.0,80.0,28835840,16.8
2024,3,2024-03-01,Cote dIvoire,CI,Moov Africa CI,3,19.6,949506,14666,36285,-21619,3.828,3.76,3.575,3.29,74.0,80.0,28835840,16.8
2024,4,2024-04-01,Cote dIvoire,CI,Orange CI,1,43.0,2083101,31898,40747,-8849,1.956,6.5,13.544,3.58,74.0,80.0,28835840,16.8
2024,4,2024-04-01,Cote dIvoire,CI,MTN CI,2,37.4,1811813,28400,44885,-16485,2.443,5.64,10.227,3.5,74.0,80.0,28835840,16.8
2024,4,2024-04-01,Cote dIvoire,CI,Moov Africa CI,3,19.6,949506,14063,36003,-21940,3.803,3.85,3.654,3.47,74.0,80.0,28835840,16.8
2024,5,2024-05-01,Cote dIvoire,CI,Orange CI,1,43.0,2083101,32842,41114,-8272,1.975,6.54,13.616,3.81,74.0,80.0,28835840,16.8
2024,5,2024-05-01,Cote dIvoire,CI,MTN CI,2,37.4,1811813,27326,43343,-16017,2.396,5.58,10.101,3.91,74.0,80.0,28835840,16.8
2024,5,2024-05-01,Cote dIvoire,CI,Moov Africa CI,3,19.6,949506,15274,37074,-21800,3.913,4.03,3.825,3.83,74.0,80.0,28835840,16.8
2024,6,2024-06-01,Cote dIvoire,CI,Orange CI,1,43.0,2083101,31898,40857,-8959,1.967,6.48,13.509,4.13,74.0,80.0,28835840,16.8
2024,6,2024-06-01,Cote dIvoire,CI,MTN CI,2,37.4,1811813,28266,44545,-16279,2.448,5.81,10.526,4.29,74.0,80.0,28835840,16.8
2024,6,2024-06-01,Cote dIvoire,CI,Moov Africa CI,3,19.6,949506,13677,36387,-22710,3.797,3.88,3.683,4.05,74.0,80.0,28835840,16.8
2024,7,2024-07-01,Cote dIvoire,CI,Orange CI,1,43.0,2083101,30581,40859,-10278,1.951,6.56,13.672,4.27,74.0,80.0,28835840,16.8
2024,7,2024-07-01,Cote dIvoire,CI,MTN CI,2,37.4,1811813,27657,43302,-15645,2.381,5.55,10.059,4.44,74.0,80.0,28835840,16.8
2024,7,2024-07-01,Cote dIvoire,CI,Moov Africa CI,3,19.6,949506,14992,36632,-21640,3.853,3.88,3.686,4.66,74.0,80.0,28835840,16.8
2024,8,2024-08-01,Cote dIvoire,CI,Orange CI,1,43.0,2083101,31845,40672,-8827,1.971,6.35,13.238,4.49,74.0,80.0,28835840,16.8
2024,8,2024-08-01,Cote dIvoire,CI,MTN CI,2,37.4,1811813,29144,43597,-14453,2.44,5.46,9.897,5.05,74.0,80.0,28835840,16.8
2024,8,2024-08-01,Cote dIvoire,CI,Moov Africa CI,3,19.6,949506,14235,36897,-22662,3.846,3.85,3.655,5.13,74.0,80.0,28835840,16.8
2024,9,2024-09-01,Cote dIvoire,CI,Orange CI,1,43.0,2083101,30789,42292,-11503,1.987,6.22,12.947,5.19,74.0,80.0,28835840,16.8
2024,9,2024-09-01,Cote dIvoire,CI,MTN CI,2,37.4,1811813,28238,45106,-16868,2.451,5.49,9.948,4.81,74.0,80.0,28835840,16.8
2024,9,2024-09-01,Cote dIvoire,CI,Moov Africa CI,3,19.6,949506,13953,37502,-23549,3.872,3.82,3.623,4.91,74.0,80.0,28835840,16.8
2024,10,2024-10-01,Cote dIvoire,CI,Orange CI,1,43.0,2083101,29384,40796,-11412,1.978,6.26,13.034,5.13,74.0,80.0,28835840,16.8
2024,10,2024-10-01,Cote dIvoire,CI,MTN CI,2,37.4,1811813,27062,44336,-17274,2.418,5.44,9.849,5.56,74.0,80.0,28835840,16.8
2024,10,2024-10-01,Cote dIvoire,CI,Moov Africa CI,3,19.6,949506,13362,36862,-23500,3.825,3.71,3.526,5.23,74.0,80.0,28835840,16.8
2024,11,2024-11-01,Cote dIvoire,CI,Orange CI,1,43.0,2083101,30667,41856,-11189,2.0,6.25,13.022,5.42,74.0,80.0,28835840,16.8
2024,11,2024-11-01,Cote dIvoire,CI,MTN CI,2,37.4,1811813,26280,44811,-18531,2.467,5.42,9.819,5.74,74.0,80.0,28835840,16.8
2024,11,2024-11-01,Cote dIvoire,CI,Moov Africa CI,3,19.6,949506,14191,36656,-22465,3.875,3.63,3.447,5.31,74.0,80.0,28835840,16.8
2024,12,2024-12-01,Cote dIvoire,CI,Orange CI,1,43.0,2083101,31847,39867,-8020,1.935,6.0,12.501,5.82,74.0,80.0,28835840,16.8
2024,12,2024-12-01,Cote dIvoire,CI,MTN CI,2,37.4,1811813,26728,44799,-18071,2.452,5.22,9.462,5.85,74.0,80.0,28835840,16.8
2024,12,2024-12-01,Cote dIvoire,CI,Moov Africa CI,3,19.6,949506,13570,37287,-23717,3.865,3.68,3.497,6.12,74.0,80.0,28835840,16.8
2025,1,2025-01-01,Cote dIvoire,CI,Orange CI,1,43.5,2324879,34850,44803,-9953,1.924,6.26,14.542,3.06,79.0,83.0,29527900,18.1
2025,1,2025-01-01,Cote dIvoire,CI,MTN CI,2,37.1,1982828,28256,46881,-18625,2.351,5.69,11.273,3.0,79.0,83.0,29527900,18.1
2025,1,2025-01-01,Cote dIvoire,CI,Moov Africa CI,3,19.4,1036842,15780,38897,-23117,3.743,4.02,4.172,3.08,79.0,83.0,29527900,18.1
2025,2,2025-02-01,Cote dIvoire,CI,Orange CI,1,43.5,2324879,34948,43812,-8864,1.877,6.6,15.347,3.41,79.0,83.0,29527900,18.1
2025,2,2025-02-01,Cote dIvoire,CI,MTN CI,2,37.1,1982828,28077,46750,-18673,2.363,5.59,11.092,3.2,79.0,83.0,29527900,18.1
2025,2,2025-02-01,Cote dIvoire,CI,Moov Africa CI,3,19.4,1036842,16005,39065,-23060,3.753,3.86,4.003,3.37,79.0,83.0,29527900,18.1
2025,3,2025-03-01,Cote dIvoire,CI,Orange CI,1,43.5,2324879,34235,44899,-10664,1.934,6.61,15.366,3.46,79.0,83.0,29527900,18.1
2025,3,2025-03-01,Cote dIvoire,CI,MTN CI,2,37.1,1982828,29634,47415,-17781,2.381,5.71,11.312,3.52,79.0,83.0,29527900,18.1
2025,3,2025-03-01,Cote dIvoire,CI,Moov Africa CI,3,19.4,1036842,15378,39636,-24258,3.758,3.99,4.135,3.64,79.0,83.0,29527900,18.1
2025,4,2025-04-01,Cote dIvoire,CI,Orange CI,1,43.5,2324879,34057,44053,-9996,1.929,6.59,15.311,4.15,79.0,83.0,29527900,18.1
2025,4,2025-04-01,Cote dIvoire,CI,MTN CI,2,37.1,1982828,32665,46391,-13726,2.353,5.91,11.726,4.2,79.0,83.0,29527900,18.1
2025,4,2025-04-01,Cote dIvoire,CI,Moov Africa CI,3,19.4,1036842,16844,39937,-23093,3.806,4.16,4.308,4.02,79.0,83.0,29527900,18.1
2025,5,2025-05-01,Cote dIvoire,CI,Orange CI,1,43.5,2324879,35484,44407,-8923,1.926,6.84,15.894,4.16,79.0,83.0,29527900,18.1
2025,5,2025-05-01,Cote dIvoire,CI,MTN CI,2,37.1,1982828,31415,47147,-15732,2.355,5.99,11.878,4.51,79.0,83.0,29527900,18.1
2025,5,2025-05-01,Cote dIvoire,CI,Moov Africa CI,3,19.4,1036842,15997,37968,-21971,3.688,4.03,4.183,4.18,79.0,83.0,29527900,18.1
2025,6,2025-06-01,Cote dIvoire,CI,Orange CI,1,43.5,2324879,37914,44654,-6740,1.909,6.77,15.732,4.92,79.0,83.0,29527900,18.1
2025,6,2025-06-01,Cote dIvoire,CI,MTN CI,2,37.1,1982828,31472,47378,-15906,2.395,5.93,11.752,4.42,79.0,83.0,29527900,18.1
2025,6,2025-06-01,Cote dIvoire,CI,Moov Africa CI,3,19.4,1036842,17089,39709,-22620,3.772,4.14,4.294,4.25,79.0,83.0,29527900,18.1
2025,7,2025-07-01,Cote dIvoire,CI,Orange CI,1,43.5,2324879,34167,44634,-10467,1.914,6.82,15.86,4.69,79.0,83.0,29527900,18.1
2025,7,2025-07-01,Cote dIvoire,CI,MTN CI,2,37.1,1982828,31246,45919,-14673,2.328,5.88,11.654,4.11,79.0,83.0,29527900,18.1
2025,7,2025-07-01,Cote dIvoire,CI,Moov Africa CI,3,19.4,1036842,16946,39316,-22370,3.73,4.12,4.274,4.66,79.0,83.0,29527900,18.1
2025,8,2025-08-01,Cote dIvoire,CI,Orange CI,1,43.5,2324879,34505,44771,-10266,1.92,6.82,15.85,5.41,79.0,83.0,29527900,18.1
2025,8,2025-08-01,Cote dIvoire,CI,MTN CI,2,37.1,1982828,30151,46455,-16304,2.364,5.82,11.549,5.04,79.0,83.0,29527900,18.1
2025,8,2025-08-01,Cote dIvoire,CI,Moov Africa CI,3,19.4,1036842,16298,38514,-22216,3.745,4.18,4.338,5.03,79.0,83.0,29527900,18.1
2025,9,2025-09-01,Cote dIvoire,CI,Orange CI,1,43.5,2324879,34091,43342,-9251,1.911,6.7,15.567,5.6,79.0,83.0,29527900,18.1
2025,9,2025-09-01,Cote dIvoire,CI,MTN CI,2,37.1,1982828,29802,47023,-17221,2.359,5.65,11.196,5.26,79.0,83.0,29527900,18.1
2025,9,2025-09-01,Cote dIvoire,CI,Moov Africa CI,3,19.4,1036842,14967,39106,-24139,3.761,3.93,4.075,5.53,79.0,83.0,29527900,18.1
2025,10,2025-10-01,Cote dIvoire,CI,Orange CI,1,43.5,2324879,32519,44929,-12410,1.91,6.4,14.89,5.47,79.0,83.0,29527900,18.1
2025,10,2025-10-01,Cote dIvoire,CI,MTN CI,2,37.1,1982828,30151,46530,-16379,2.371,5.67,11.246,5.82,79.0,83.0,29527900,18.1
2025,10,2025-10-01,Cote dIvoire,CI,Moov Africa CI,3,19.4,1036842,15322,38809,-23487,3.757,3.88,4.026,5.72,79.0,83.0,29527900,18.1
2025,11,2025-11-01,Cote dIvoire,CI,Orange CI,1,43.5,2324879,30714,44143,-13429,1.891,6.47,15.032,5.29,79.0,83.0,29527900,18.1
2025,11,2025-11-01,Cote dIvoire,CI,MTN CI,2,37.1,1982828,29245,47395,-18150,2.342,5.58,11.071,5.78,79.0,83.0,29527900,18.1
2025,11,2025-11-01,Cote dIvoire,CI,Moov Africa CI,3,19.4,1036842,15633,38364,-22731,3.724,3.83,3.968,5.86,79.0,83.0,29527900,18.1
2025,12,2025-12-01,Cote dIvoire,CI,Orange CI,1,43.5,2324879,33601,44719,-11118,1.893,6.37,14.82,6.22,79.0,83.0,29527900,18.1
2025,12,2025-12-01,Cote dIvoire,CI,MTN CI,2,37.1,1982828,27213,47189,-19976,2.359,5.54,10.993,6.24,79.0,83.0,29527900,18.1
2025,12,2025-12-01,Cote dIvoire,CI,Moov Africa CI,3,19.4,1036842,15064,39619,-24555,3.85,3.83,3.968,6.66,79.0,83.0,29527900,18.1
2026,1,2026-01-01,Cote dIvoire,CI,Orange CI,1,44.0,2554385,35392,47692,-12300,1.85,6.53,16.678,3.72,83.0,85.0,30236569,19.2
2026,1,2026-01-01,Cote dIvoire,CI,MTN CI,2,36.8,2136395,30520,50041,-19521,2.313,5.78,12.342,3.54,83.0,85.0,30236569,19.2
2026,1,2026-01-01,Cote dIvoire,CI,Moov Africa CI,3,19.2,1114640,15730,40151,-24421,3.625,4.07,4.532,3.34,83.0,85.0,30236569,19.2
2026,2,2026-02-01,Cote dIvoire,CI,Orange CI,1,44.0,2554385,36473,47213,-10740,1.841,6.9,17.632,3.5,83.0,85.0,30236569,19.2
2026,2,2026-02-01,Cote dIvoire,CI,MTN CI,2,36.8,2136395,32735,48853,-16118,2.289,5.9,12.601,3.5,83.0,85.0,30236569,19.2
2026,2,2026-02-01,Cote dIvoire,CI,Moov Africa CI,3,19.2,1114640,16293,40786,-24493,3.623,4.14,4.612,4.18,83.0,85.0,30236569,19.2
2026,3,2026-03-01,Cote dIvoire,CI,Orange CI,1,44.0,2554385,38690,47570,-8880,1.859,6.8,17.359,4.07,83.0,85.0,30236569,19.2
2026,3,2026-03-01,Cote dIvoire,CI,MTN CI,2,36.8,2136395,32207,49378,-17171,2.281,5.89,12.579,4.23,83.0,85.0,30236569,19.2
2026,3,2026-03-01,Cote dIvoire,CI,Moov Africa CI,3,19.2,1114640,16660,39881,-23221,3.656,4.11,4.581,4.26,83.0,85.0,30236569,19.2
2026,4,2026-04-01,Cote dIvoire,CI,Orange CI,1,44.0,2554385,37910,46956,-9046,1.848,7.06,18.025,4.42,83.0,85.0,30236569,19.2
2026,4,2026-04-01,Cote dIvoire,CI,MTN CI,2,36.8,2136395,32327,48572,-16245,2.283,6.01,12.847,4.65,83.0,85.0,30236569,19.2
2026,4,2026-04-01,Cote dIvoire,CI,Moov Africa CI,3,19.2,1114640,17676,40696,-23020,3.596,4.29,4.787,4.21,83.0,85.0,30236569,19.2
2026,5,2026-05-01,Cote dIvoire,CI,Orange CI,1,44.0,2554385,39614,46967,-7353,1.855,7.1,18.144,4.33,83.0,85.0,30236569,19.2
2026,5,2026-05-01,Cote dIvoire,CI,MTN CI,2,36.8,2136395,32693,49560,-16867,2.315,6.21,13.27,4.54,83.0,85.0,30236569,19.2
2026,5,2026-05-01,Cote dIvoire,CI,Moov Africa CI,3,19.2,1114640,17052,40804,-23752,3.629,4.21,4.687,4.63,83.0,85.0,30236569,19.2
2026,6,2026-06-01,Cote dIvoire,CI,Orange CI,1,44.0,2554385,38652,47794,-9142,1.884,7.16,18.29,4.94,83.0,85.0,30236569,19.2
2026,6,2026-06-01,Cote dIvoire,CI,MTN CI,2,36.8,2136395,33816,49363,-15547,2.296,6.32,13.503,5.0,83.0,85.0,30236569,19.2
2026,6,2026-06-01,Cote dIvoire,CI,Moov Africa CI,3,19.2,1114640,17739,40881,-23142,3.599,4.31,4.799,4.66,83.0,85.0,30236569,19.2
2026,7,2026-07-01,Cote dIvoire,CI,Orange CI,1,44.0,2554385,39499,46690,-7191,1.868,7.16,18.286,5.06,83.0,85.0,30236569,19.2
2026,7,2026-07-01,Cote dIvoire,CI,MTN CI,2,36.8,2136395,33486,48929,-15443,2.286,6.25,13.354,5.09,83.0,85.0,30236569,19.2
2026,7,2026-07-01,Cote dIvoire,CI,Moov Africa CI,3,19.2,1114640,17164,40721,-23557,3.627,4.33,4.828,4.96,83.0,85.0,30236569,19.2
2026,8,2026-08-01,Cote dIvoire,CI,Orange CI,1,44.0,2554385,38453,48103,-9650,1.868,7.01,17.899,6.01,83.0,85.0,30236569,19.2
2026,8,2026-08-01,Cote dIvoire,CI,MTN CI,2,36.8,2136395,32344,48762,-16418,2.283,6.07,12.968,5.72,83.0,85.0,30236569,19.2
2026,8,2026-08-01,Cote dIvoire,CI,Moov Africa CI,3,19.2,1114640,16514,39143,-22629,3.55,4.29,4.783,5.97,83.0,85.0,30236569,19.2
2026,9,2026-09-01,Cote dIvoire,CI,Orange CI,1,44.0,2554385,38121,47188,-9067,1.846,6.95,17.756,5.53,83.0,85.0,30236569,19.2
2026,9,2026-09-01,Cote dIvoire,CI,MTN CI,2,36.8,2136395,32983,49242,-16259,2.293,5.99,12.808,6.09,83.0,85.0,30236569,19.2
2026,9,2026-09-01,Cote dIvoire,CI,Moov Africa CI,3,19.2,1114640,17059,38873,-21814,3.51,4.03,4.497,5.95,83.0,85.0,30236569,19.2
2026,10,2026-10-01,Cote dIvoire,CI,Orange CI,1,44.0,2554385,37394,48309,-10915,1.873,6.86,17.516,6.5,83.0,85.0,30236569,19.2
2026,10,2026-10-01,Cote dIvoire,CI,MTN CI,2,36.8,2136395,32104,49719,-17615,2.326,5.72,12.215,6.02,83.0,85.0,30236569,19.2
2026,10,2026-10-01,Cote dIvoire,CI,Moov Africa CI,3,19.2,1114640,17452,39806,-22354,3.578,4.07,4.539,6.27,83.0,85.0,30236569,19.2
2026,11,2026-11-01,Cote dIvoire,CI,Orange CI,1,44.0,2554385,38869,46931,-8062,1.849,6.61,16.896,6.16,83.0,85.0,30236569,19.2
2026,11,2026-11-01,Cote dIvoire,CI,MTN CI,2,36.8,2136395,30368,48217,-17849,2.258,5.73,12.25,6.18,83.0,85.0,30236569,19.2
2026,11,2026-11-01,Cote dIvoire,CI,Moov Africa CI,3,19.2,1114640,16100,39054,-22954,3.557,4.05,4.514,6.43,83.0,85.0,30236569,19.2
2026,12,2026-12-01,Cote dIvoire,CI,Orange CI,1,44.0,2554385,36441,46167,-9726,1.821,6.59,16.834,7.15,83.0,85.0,30236569,19.2
2026,12,2026-12-01,Cote dIvoire,CI,MTN CI,2,36.8,2136395,30870,47887,-17017,2.245,5.8,12.384,6.77,83.0,85.0,30236569,19.2
2026,12,2026-12-01,Cote dIvoire,CI,Moov Africa CI,3,19.2,1114640,15897,39596,-23699,3.581,4.05,4.51,6.71,83.0,85.0,30236569,19.2
2022,1,2022-01-01,Mali,ML,Orange Mali,1,60.0,1149120,16609,32554,-15945,2.853,3.68,4.228,1.64,31.0,45.0,22800000,8.4
2022,1,2022-01-01,Mali,ML,Malitel,2,32.0,612864,8945,25461,-16516,4.133,2.64,1.617,1.88,31.0,45.0,22800000,8.4
2022,1,2022-01-01,Mali,ML,Telecel Mali,3,8.0,153216,2228,8986,-6758,5.772,2.05,0.315,1.78,31.0,45.0,22800000,8.4
2022,2,2022-02-01,Mali,ML,Orange Mali,1,60.0,1149120,15801,31659,-15858,2.775,3.81,4.378,2.0,31.0,45.0,22800000,8.4
2022,2,2022-02-01,Mali,ML,Malitel,2,32.0,612864,9029,25648,-16619,4.194,2.72,1.665,2.12,31.0,45.0,22800000,8.4
2022,2,2022-02-01,Mali,ML,Telecel Mali,3,8.0,153216,2178,9051,-6873,5.826,2.05,0.315,2.1,31.0,45.0,22800000,8.4
2022,3,2022-03-01,Mali,ML,Orange Mali,1,60.0,1149120,17357,32712,-15355,2.82,3.92,4.501,2.33,31.0,45.0,22800000,8.4
2022,3,2022-03-01,Mali,ML,Malitel,2,32.0,612864,8877,25861,-16984,4.215,2.8,1.715,2.38,31.0,45.0,22800000,8.4
2022,3,2022-03-01,Mali,ML,Telecel Mali,3,8.0,153216,2168,8826,-6658,5.793,2.1,0.322,2.42,31.0,45.0,22800000,8.4
2022,4,2022-04-01,Mali,ML,Orange Mali,1,60.0,1149120,18249,31568,-13319,2.771,4.04,4.638,2.76,31.0,45.0,22800000,8.4
2022,4,2022-04-01,Mali,ML,Malitel,2,32.0,612864,9876,25268,-15392,4.173,2.9,1.774,2.84,31.0,45.0,22800000,8.4
2022,4,2022-04-01,Mali,ML,Telecel Mali,3,8.0,153216,2442,8804,-6362,5.761,2.15,0.33,2.74,31.0,45.0,22800000,8.4
2022,5,2022-05-01,Mali,ML,Orange Mali,1,60.0,1149120,18267,32387,-14120,2.796,3.93,4.515,3.2,31.0,45.0,22800000,8.4
2022,5,2022-05-01,Mali,ML,Malitel,2,32.0,612864,9806,25597,-15791,4.13,2.85,1.746,2.94,31.0,45.0,22800000,8.4
2022,5,2022-05-01,Mali,ML,Telecel Mali,3,8.0,153216,2362,8761,-6399,5.736,2.2,0.337,3.2,31.0,45.0,22800000,8.4
2022,6,2022-06-01,Mali,ML,Orange Mali,1,60.0,1149120,17623,32556,-14933,2.839,3.95,4.543,3.17,31.0,45.0,22800000,8.4
2022,6,2022-06-01,Mali,ML,Malitel,2,32.0,612864,10024,25667,-15643,4.241,2.89,1.769,3.3,31.0,45.0,22800000,8.4
2022,6,2022-06-01,Mali,ML,Telecel Mali,3,8.0,153216,2332,8949,-6617,5.816,2.17,0.332,3.3,31.0,45.0,22800000,8.4
2022,7,2022-07-01,Mali,ML,Orange Mali,1,60.0,1149120,17837,32209,-14372,2.815,4.03,4.629,3.58,31.0,45.0,22800000,8.4
2022,7,2022-07-01,Mali,ML,Malitel,2,32.0,612864,9437,26055,-16618,4.184,2.92,1.79,3.55,31.0,45.0,22800000,8.4
2022,7,2022-07-01,Mali,ML,Telecel Mali,3,8.0,153216,2354,9053,-6699,5.84,2.18,0.335,3.58,31.0,45.0,22800000,8.4
2022,8,2022-08-01,Mali,ML,Orange Mali,1,60.0,1149120,16752,31955,-15203,2.813,3.91,4.489,3.93,31.0,45.0,22800000,8.4
2022,8,2022-08-01,Mali,ML,Malitel,2,32.0,612864,10004,26353,-16349,4.273,2.88,1.763,3.55,31.0,45.0,22800000,8.4
2022,8,2022-08-01,Mali,ML,Telecel Mali,3,8.0,153216,2288,8783,-6495,5.769,2.14,0.327,3.81,31.0,45.0,22800000,8.4
2022,9,2022-09-01,Mali,ML,Orange Mali,1,60.0,1149120,17623,31200,-13577,2.745,3.91,4.498,4.64,31.0,45.0,22800000,8.4
2022,9,2022-09-01,Mali,ML,Malitel,2,32.0,612864,8495,25430,-16935,4.161,2.85,1.744,4.61,31.0,45.0,22800000,8.4
2022,9,2022-09-01,Mali,ML,Telecel Mali,3,8.0,153216,2332,8736,-6404,5.729,2.1,0.321,4.76,31.0,45.0,22800000,8.4
2022,10,2022-10-01,Mali,ML,Orange Mali,1,60.0,1149120,17020,31839,-14819,2.758,3.88,4.463,4.52,31.0,45.0,22800000,8.4
2022,10,2022-10-01,Mali,ML,Malitel,2,32.0,612864,8903,25889,-16986,4.213,2.73,1.673,4.64,31.0,45.0,22800000,8.4
2022,10,2022-10-01,Mali,ML,Telecel Mali,3,8.0,153216,2277,8851,-6574,5.779,2.09,0.321,4.49,31.0,45.0,22800000,8.4
2022,11,2022-11-01,Mali,ML,Orange Mali,1,60.0,1149120,17269,31318,-14049,2.75,3.73,4.284,4.66,31.0,45.0,22800000,8.4
2022,11,2022-11-01,Mali,ML,Malitel,2,32.0,612864,8305,26912,-18607,4.258,2.75,1.683,4.85,31.0,45.0,22800000,8.4
2022,11,2022-11-01,Mali,ML,Telecel Mali,3,8.0,153216,2237,8927,-6690,5.797,2.05,0.314,4.93,31.0,45.0,22800000,8.4
2022,12,2022-12-01,Mali,ML,Orange Mali,1,60.0,1149120,16449,32155,-15706,2.803,3.73,4.29,5.39,31.0,45.0,22800000,8.4
2022,12,2022-12-01,Mali,ML,Malitel,2,32.0,612864,8046,26062,-18016,4.225,2.7,1.652,5.1,31.0,45.0,22800000,8.4
2022,12,2022-12-01,Mali,ML,Telecel Mali,3,8.0,153216,2280,8935,-6655,5.777,1.99,0.305,5.2,31.0,45.0,22800000,8.4
2023,1,2023-01-01,Mali,ML,Orange Mali,1,60.5,1506028,20905,40252,-19347,2.69,3.89,5.858,2.3,41.0,52.0,23484000,10.6
2023,1,2023-01-01,Mali,ML,Malitel,2,31.7,789109,11675,32480,-20805,4.095,2.73,2.155,2.25,41.0,52.0,23484000,10.6
2023,1,2023-01-01,Mali,ML,Telecel Mali,3,7.8,194165,2875,11142,-8267,5.671,2.09,0.406,2.24,41.0,52.0,23484000,10.6
2023,2,2023-02-01,Mali,ML,Orange Mali,1,60.5,1506028,22120,40976,-18856,2.745,3.89,5.857,2.41,41.0,52.0,23484000,10.6
2023,2,2023-02-01,Mali,ML,Malitel,2,31.7,789109,11549,31678,-20129,4.046,2.79,2.198,2.26,41.0,52.0,23484000,10.6
2023,2,2023-02-01,Mali,ML,Telecel Mali,3,7.8,194165,2854,10857,-8003,5.638,2.12,0.412,2.62,41.0,52.0,23484000,10.6
2023,3,2023-03-01,Mali,ML,Orange Mali,1,60.5,1506028,22073,39936,-17863,2.672,3.92,5.907,2.92,41.0,52.0,23484000,10.6
2023,3,2023-03-01,Mali,ML,Malitel,2,31.7,789109,11742,31443,-19701,4.066,2.88,2.275,2.63,41.0,52.0,23484000,10.6
2023,3,2023-03-01,Mali,ML,Telecel Mali,3,7.8,194165,2936,11078,-8142,5.629,2.1,0.408,2.38,41.0,52.0,23484000,10.6
2023,4,2023-04-01,Mali,ML,Orange Mali,1,60.5,1506028,24286,41486,-17200,2.721,4.07,6.13,3.02,41.0,52.0,23484000,10.6
2023,4,2023-04-01,Mali,ML,Malitel,2,31.7,789109,11720,32562,-20842,4.107,2.94,2.316,3.26,41.0,52.0,23484000,10.6
2023,4,2023-04-01,Mali,ML,Telecel Mali,3,7.8,194165,3005,11168,-8163,5.781,2.18,0.424,2.83,41.0,52.0,23484000,10.6
2023,5,2023-05-01,Mali,ML,Orange Mali,1,60.5,1506028,23085,40406,-17321,2.697,4.13,6.213,3.26,41.0,52.0,23484000,10.6
2023,5,2023-05-01,Mali,ML,Malitel,2,31.7,789109,12246,32505,-20259,4.12,2.94,2.32,3.43,41.0,52.0,23484000,10.6
2023,5,2023-05-01,Mali,ML,Telecel Mali,3,7.8,194165,2934,10941,-8007,5.672,2.21,0.428,3.17,41.0,52.0,23484000,10.6
2023,6,2023-06-01,Mali,ML,Orange Mali,1,60.5,1506028,23158,40923,-17765,2.694,4.15,6.255,3.74,41.0,52.0,23484000,10.6
2023,6,2023-06-01,Mali,ML,Malitel,2,31.7,789109,12259,32548,-20289,4.109,2.97,2.34,3.75,41.0,52.0,23484000,10.6
2023,6,2023-06-01,Mali,ML,Telecel Mali,3,7.8,194165,2807,10845,-8038,5.593,2.28,0.442,3.87,41.0,52.0,23484000,10.6
2023,7,2023-07-01,Mali,ML,Orange Mali,1,60.5,1506028,24239,41335,-17096,2.742,4.13,6.217,3.88,41.0,52.0,23484000,10.6
2023,7,2023-07-01,Mali,ML,Malitel,2,31.7,789109,12472,32432,-19960,4.061,2.95,2.327,3.91,41.0,52.0,23484000,10.6
2023,7,2023-07-01,Mali,ML,Telecel Mali,3,7.8,194165,3067,10766,-7699,5.626,2.14,0.415,3.89,41.0,52.0,23484000,10.6
2023,8,2023-08-01,Mali,ML,Orange Mali,1,60.5,1506028,22690,40344,-17654,2.683,4.03,6.069,4.61,41.0,52.0,23484000,10.6
2023,8,2023-08-01,Mali,ML,Malitel,2,31.7,789109,12182,32454,-20272,4.087,2.86,2.26,4.52,41.0,52.0,23484000,10.6
2023,8,2023-08-01,Mali,ML,Telecel Mali,3,7.8,194165,3030,10798,-7768,5.622,2.13,0.414,4.48,41.0,52.0,23484000,10.6
2023,9,2023-09-01,Mali,ML,Orange Mali,1,60.5,1506028,21979,40700,-18721,2.726,4.05,6.092,4.33,41.0,52.0,23484000,10.6
2023,9,2023-09-01,Mali,ML,Malitel,2,31.7,789109,11516,32884,-21368,4.141,2.84,2.243,4.74,41.0,52.0,23484000,10.6
2023,9,2023-09-01,Mali,ML,Telecel Mali,3,7.8,194165,2898,10868,-7970,5.595,2.11,0.41,4.77,41.0,52.0,23484000,10.6
2023,10,2023-10-01,Mali,ML,Orange Mali,1,60.5,1506028,21986,40289,-18303,2.702,3.75,5.646,4.85,41.0,52.0,23484000,10.6
2023,10,2023-10-01,Mali,ML,Malitel,2,31.7,789109,11872,32917,-21045,4.172,2.79,2.2,4.91,41.0,52.0,23484000,10.6
2023,10,2023-10-01,Mali,ML,Telecel Mali,3,7.8,194165,2753,11105,-8352,5.657,2.12,0.412,5.08,41.0,52.0,23484000,10.6
2023,11,2023-11-01,Mali,ML,Orange Mali,1,60.5,1506028,21820,41359,-19539,2.728,3.87,5.835,5.11,41.0,52.0,23484000,10.6
2023,11,2023-11-01,Mali,ML,Malitel,2,31.7,789109,11461,32459,-20998,4.051,2.71,2.135,4.82,41.0,52.0,23484000,10.6
2023,11,2023-11-01,Mali,ML,Telecel Mali,3,7.8,194165,2815,10960,-8145,5.635,2.08,0.403,5.14,41.0,52.0,23484000,10.6
2023,12,2023-12-01,Mali,ML,Orange Mali,1,60.5,1506028,20645,41169,-20524,2.756,3.81,5.742,5.05,41.0,52.0,23484000,10.6
2023,12,2023-12-01,Mali,ML,Malitel,2,31.7,789109,11929,32098,-20169,4.067,2.75,2.171,5.15,41.0,52.0,23484000,10.6
2023,12,2023-12-01,Mali,ML,Telecel Mali,3,7.8,194165,2764,10821,-8057,5.591,2.1,0.407,5.65,41.0,52.0,23484000,10.6
2024,1,2024-01-01,Mali,ML,Orange Mali,1,61.0,1932904,28196,50559,-22363,2.603,4.02,7.772,2.81,53.0,60.0,24188520,13.1
2024,1,2024-01-01,Mali,ML,Malitel,2,31.4,994970,14057,38393,-24336,3.908,2.83,2.814,2.66,53.0,60.0,24188520,13.1
2024,1,2024-01-01,Mali,ML,Telecel Mali,3,7.6,240820,3479,13216,-9737,5.506,2.13,0.514,2.49,53.0,60.0,24188520,13.1
2024,2,2024-02-01,Mali,ML,Orange Mali,1,61.0,1932904,27043,52033,-24990,2.687,4.13,7.992,2.9,53.0,60.0,24188520,13.1
2024,2,2024-02-01,Mali,ML,Malitel,2,31.4,994970,14469,39136,-24667,3.94,2.94,2.926,2.58,53.0,60.0,24188520,13.1
2024,2,2024-02-01,Mali,ML,Telecel Mali,3,7.6,240820,3388,13295,-9907,5.536,2.15,0.517,2.99,53.0,60.0,24188520,13.1
2024,3,2024-03-01,Mali,ML,Orange Mali,1,61.0,1932904,29395,51074,-21679,2.59,4.01,7.753,3.23,53.0,60.0,24188520,13.1
2024,3,2024-03-01,Mali,ML,Malitel,2,31.4,994970,15115,39028,-23913,3.922,2.91,2.897,3.28,53.0,60.0,24188520,13.1
2024,3,2024-03-01,Mali,ML,Telecel Mali,3,7.6,240820,3591,13462,-9871,5.55,2.16,0.521,3.05,53.0,60.0,24188520,13.1
2024,4,2024-04-01,Mali,ML,Orange Mali,1,61.0,1932904,30890,51296,-20406,2.644,4.16,8.036,3.5,53.0,60.0,24188520,13.1
2024,4,2024-04-01,Mali,ML,Malitel,2,31.4,994970,15499,39132,-23633,3.899,2.98,2.963,3.42,53.0,60.0,24188520,13.1
2024,4,2024-04-01,Mali,ML,Telecel Mali,3,7.6,240820,3636,13155,-9519,5.466,2.32,0.559,3.46,53.0,60.0,24188520,13.1
2024,5,2024-05-01,Mali,ML,Orange Mali,1,61.0,1932904,29415,51068,-21653,2.623,4.23,8.167,3.68,53.0,60.0,24188520,13.1
2024,5,2024-05-01,Mali,ML,Malitel,2,31.4,994970,16099,39561,-23462,4.0,2.96,2.942,3.99,53.0,60.0,24188520,13.1
2024,5,2024-05-01,Mali,ML,Telecel Mali,3,7.6,240820,3826,12782,-8956,5.415,2.31,0.557,3.57,53.0,60.0,24188520,13.1
2024,6,2024-06-01,Mali,ML,Orange Mali,1,61.0,1932904,30166,50756,-20590,2.651,4.23,8.182,4.24,53.0,60.0,24188520,13.1
2024,6,2024-06-01,Mali,ML,Malitel,2,31.4,994970,15793,40100,-24307,3.952,2.99,2.971,4.43,53.0,60.0,24188520,13.1
2024,6,2024-06-01,Mali,ML,Telecel Mali,3,7.6,240820,3655,12968,-9313,5.458,2.29,0.551,4.29,53.0,60.0,24188520,13.1
2024,7,2024-07-01,Mali,ML,Orange Mali,1,61.0,1932904,31357,50071,-18714,2.629,4.24,8.188,4.12,53.0,60.0,24188520,13.1
2024,7,2024-07-01,Mali,ML,Malitel,2,31.4,994970,15852,39258,-23406,3.962,2.92,2.908,4.44,53.0,60.0,24188520,13.1
2024,7,2024-07-01,Mali,ML,Telecel Mali,3,7.6,240820,3782,13349,-9567,5.476,2.24,0.541,4.55,53.0,60.0,24188520,13.1
2024,8,2024-08-01,Mali,ML,Orange Mali,1,61.0,1932904,27995,51645,-23650,2.663,4.15,8.012,4.68,53.0,60.0,24188520,13.1
2024,8,2024-08-01,Mali,ML,Malitel,2,31.4,994970,15000,39151,-24151,3.962,3.0,2.985,4.44,53.0,60.0,24188520,13.1
2024,8,2024-08-01,Mali,ML,Telecel Mali,3,7.6,240820,3759,12837,-9078,5.393,2.27,0.547,4.81,53.0,60.0,24188520,13.1
2024,9,2024-09-01,Mali,ML,Orange Mali,1,61.0,1932904,28404,50593,-22189,2.587,4.03,7.799,4.88,53.0,60.0,24188520,13.1
2024,9,2024-09-01,Mali,ML,Malitel,2,31.4,994970,15275,39363,-24088,3.966,2.91,2.899,5.36,53.0,60.0,24188520,13.1
2024,9,2024-09-01,Mali,ML,Telecel Mali,3,7.6,240820,3718,13369,-9651,5.547,2.18,0.525,4.79,53.0,60.0,24188520,13.1
2024,10,2024-10-01,Mali,ML,Orange Mali,1,61.0,1932904,28770,51856,-23086,2.646,4.05,7.833,4.9,53.0,60.0,24188520,13.1
2024,10,2024-10-01,Mali,ML,Malitel,2,31.4,994970,14188,39542,-25354,3.99,2.89,2.877,5.83,53.0,60.0,24188520,13.1
2024,10,2024-10-01,Mali,ML,Telecel Mali,3,7.6,240820,3604,13513,-9909,5.622,2.18,0.525,5.54,53.0,60.0,24188520,13.1
2024,11,2024-11-01,Mali,ML,Orange Mali,1,61.0,1932904,29496,50827,-21331,2.624,3.98,7.698,5.79,53.0,60.0,24188520,13.1
2024,11,2024-11-01,Mali,ML,Malitel,2,31.4,994970,14770,39203,-24433,3.965,2.81,2.8,5.29,53.0,60.0,24188520,13.1
2024,11,2024-11-01,Mali,ML,Telecel Mali,3,7.6,240820,3568,13247,-9679,5.476,2.18,0.525,5.6,53.0,60.0,24188520,13.1
2024,12,2024-12-01,Mali,ML,Orange Mali,1,61.0,1932904,26922,51015,-24093,2.65,3.97,7.678,6.15,53.0,60.0,24188520,13.1
2024,12,2024-12-01,Mali,ML,Malitel,2,31.4,994970,14296,38571,-24275,3.936,2.81,2.793,6.16,53.0,60.0,24188520,13.1
2024,12,2024-12-01,Mali,ML,Telecel Mali,3,7.6,240820,3519,13211,-9692,5.483,2.12,0.51,5.71,53.0,60.0,24188520,13.1
2025,1,2025-01-01,Mali,ML,Orange Mali,1,61.5,2313654,33925,59655,-25730,2.566,4.02,9.29,2.68,62.0,66.0,24914175,15.1
2025,1,2025-01-01,Mali,ML,Malitel,2,31.1,1169994,16698,44817,-28119,3.864,2.94,3.435,2.94,62.0,66.0,24914175,15.1
2025,1,2025-01-01,Mali,ML,Telecel Mali,3,7.4,278390,4105,14950,-10845,5.334,2.13,0.594,3.18,62.0,66.0,24914175,15.1
2025,2,2025-02-01,Mali,ML,Orange Mali,1,61.5,2313654,33633,59190,-25557,2.555,4.0,9.253,3.37,62.0,66.0,24914175,15.1
2025,2,2025-02-01,Mali,ML,Malitel,2,31.1,1169994,16500,43583,-27083,3.783,3.0,3.509,3.2,62.0,66.0,24914175,15.1
2025,2,2025-02-01,Mali,ML,Telecel Mali,3,7.4,278390,4026,14664,-10638,5.359,2.18,0.606,3.5,62.0,66.0,24914175,15.1
2025,3,2025-03-01,Mali,ML,Orange Mali,1,61.5,2313654,34133,58954,-24821,2.544,4.22,9.773,3.8,62.0,66.0,24914175,15.1
2025,3,2025-03-01,Mali,ML,Malitel,2,31.1,1169994,17360,44763,-27403,3.877,2.99,3.5,3.65,62.0,66.0,24914175,15.1
2025,3,2025-03-01,Mali,ML,Telecel Mali,3,7.4,278390,4055,14601,-10546,5.227,2.26,0.628,3.61,62.0,66.0,24914175,15.1
2025,4,2025-04-01,Mali,ML,Orange Mali,1,61.5,2313654,35154,57964,-22810,2.529,4.33,10.026,4.1,62.0,66.0,24914175,15.1
2025,4,2025-04-01,Mali,ML,Malitel,2,31.1,1169994,17401,43234,-25833,3.751,3.04,3.557,3.88,62.0,66.0,24914175,15.1
2025,4,2025-04-01,Mali,ML,Telecel Mali,3,7.4,278390,4141,14335,-10194,5.201,2.31,0.643,3.91,62.0,66.0,24914175,15.1
2025,5,2025-05-01,Mali,ML,Orange Mali,1,61.5,2313654,36097,58206,-22109,2.53,4.32,9.995,4.55,62.0,66.0,24914175,15.1
2025,5,2025-05-01,Mali,ML,Malitel,2,31.1,1169994,17449,45692,-28243,3.873,3.15,3.688,3.96,62.0,66.0,24914175,15.1
2025,5,2025-05-01,Mali,ML,Telecel Mali,3,7.4,278390,4519,14647,-10128,5.321,2.3,0.641,4.41,62.0,66.0,24914175,15.1
2025,6,2025-06-01,Mali,ML,Orange Mali,1,61.5,2313654,36690,59313,-22623,2.555,4.39,10.147,4.2,62.0,66.0,24914175,15.1
2025,6,2025-06-01,Mali,ML,Malitel,2,31.1,1169994,18892,45081,-26189,3.862,3.13,3.66,4.16,62.0,66.0,24914175,15.1
2025,6,2025-06-01,Mali,ML,Telecel Mali,3,7.4,278390,4417,14759,-10342,5.305,2.39,0.665,4.42,62.0,66.0,24914175,15.1
2025,7,2025-07-01,Mali,ML,Orange Mali,1,61.5,2313654,34808,59270,-24462,2.562,4.33,10.01,4.85,62.0,66.0,24914175,15.1
2025,7,2025-07-01,Mali,ML,Malitel,2,31.1,1169994,18086,44919,-26833,3.808,3.09,3.62,4.41,62.0,66.0,24914175,15.1
2025,7,2025-07-01,Mali,ML,Telecel Mali,3,7.4,278390,4499,14757,-10258,5.37,2.36,0.657,4.68,62.0,66.0,24914175,15.1
2025,8,2025-08-01,Mali,ML,Orange Mali,1,61.5,2313654,35711,58968,-23257,2.555,4.23,9.778,4.92,62.0,66.0,24914175,15.1
2025,8,2025-08-01,Mali,ML,Malitel,2,31.1,1169994,17454,44277,-26823,3.787,3.04,3.554,5.27,62.0,66.0,24914175,15.1
2025,8,2025-08-01,Mali,ML,Telecel Mali,3,7.4,278390,4185,14947,-10762,5.356,2.32,0.646,5.22,62.0,66.0,24914175,15.1
2025,9,2025-09-01,Mali,ML,Orange Mali,1,61.5,2313654,35478,59281,-23803,2.55,4.11,9.52,5.63,62.0,66.0,24914175,15.1
2025,9,2025-09-01,Mali,ML,Malitel,2,31.1,1169994,17148,45131,-27983,3.856,3.04,3.558,5.34,62.0,66.0,24914175,15.1
2025,9,2025-09-01,Mali,ML,Telecel Mali,3,7.4,278390,4471,14734,-10263,5.335,2.21,0.615,5.48,62.0,66.0,24914175,15.1
2025,10,2025-10-01,Mali,ML,Orange Mali,1,61.5,2313654,33775,60240,-26465,2.566,4.03,9.315,5.9,62.0,66.0,24914175,15.1
2025,10,2025-10-01,Mali,ML,Malitel,2,31.1,1169994,18086,45331,-27245,3.799,2.92,3.412,5.54,62.0,66.0,24914175,15.1
2025,10,2025-10-01,Mali,ML,Telecel Mali,3,7.4,278390,4044,14812,-10768,5.323,2.21,0.616,5.15,62.0,66.0,24914175,15.1
2025,11,2025-11-01,Mali,ML,Orange Mali,1,61.5,2313654,32809,58653,-25844,2.548,4.13,9.567,5.62,62.0,66.0,24914175,15.1
2025,11,2025-11-01,Mali,ML,Malitel,2,31.1,1169994,16800,44954,-28154,3.853,2.94,3.44,6.1,62.0,66.0,24914175,15.1
2025,11,2025-11-01,Mali,ML,Telecel Mali,3,7.4,278390,4148,14728,-10580,5.308,2.16,0.601,5.67,62.0,66.0,24914175,15.1
2025,12,2025-12-01,Mali,ML,Orange Mali,1,61.5,2313654,36264,59193,-22929,2.527,3.94,9.123,5.88,62.0,66.0,24914175,15.1
2025,12,2025-12-01,Mali,ML,Malitel,2,31.1,1169994,17124,45179,-28055,3.84,2.88,3.368,6.26,62.0,66.0,24914175,15.1
2025,12,2025-12-01,Mali,ML,Telecel Mali,3,7.4,278390,4019,14414,-10395,5.295,2.16,0.601,6.03,62.0,66.0,24914175,15.1
2026,1,2026-01-01,Mali,ML,Orange Mali,1,62.0,2688822,42422,66612,-24190,2.468,4.1,11.033,3.56,69.0,71.0,25661600,16.9
2026,1,2026-01-01,Mali,ML,Malitel,2,30.8,1335737,19585,49908,-30323,3.714,3.05,4.075,3.21,69.0,71.0,25661600,16.9
2026,1,2026-01-01,Mali,ML,Telecel Mali,3,7.2,312250,4395,16101,-11706,5.128,2.19,0.684,3.33,69.0,71.0,25661600,16.9
2026,2,2026-02-01,Mali,ML,Orange Mali,1,62.0,2688822,40682,66663,-25981,2.457,4.11,11.043,3.71,69.0,71.0,25661600,16.9
2026,2,2026-02-01,Mali,ML,Malitel,2,30.8,1335737,18893,48912,-30019,3.67,2.99,3.995,4.15,69.0,71.0,25661600,16.9
2026,2,2026-02-01,Mali,ML,Telecel Mali,3,7.2,312250,4400,15915,-11515,5.126,2.29,0.714,4.09,69.0,71.0,25661600,16.9
2026,3,2026-03-01,Mali,ML,Orange Mali,1,62.0,2688822,38057,66421,-28364,2.425,4.3,11.55,3.83,69.0,71.0,25661600,16.9
2026,3,2026-03-01,Mali,ML,Malitel,2,30.8,1335737,18451,49634,-31183,3.716,3.08,4.116,4.18,69.0,71.0,25661600,16.9
2026,3,2026-03-01,Mali,ML,Telecel Mali,3,7.2,312250,4695,15629,-10934,5.052,2.31,0.721,3.82,69.0,71.0,25661600,16.9
2026,4,2026-04-01,Mali,ML,Orange Mali,1,62.0,2688822,39909,66411,-26502,2.454,4.41,11.863,4.25,69.0,71.0,25661600,16.9
2026,4,2026-04-01,Mali,ML,Malitel,2,30.8,1335737,19548,49239,-29691,3.697,3.12,4.174,4.86,69.0,71.0,25661600,16.9
2026,4,2026-04-01,Mali,ML,Telecel Mali,3,7.2,312250,4987,15917,-10930,5.047,2.36,0.735,4.68,69.0,71.0,25661600,16.9
2026,5,2026-05-01,Mali,ML,Orange Mali,1,62.0,2688822,42216,66463,-24247,2.473,4.5,12.098,4.85,69.0,71.0,25661600,16.9
2026,5,2026-05-01,Mali,ML,Malitel,2,30.8,1335737,19909,48960,-29051,3.673,3.13,4.186,4.59,69.0,71.0,25661600,16.9
2026,5,2026-05-01,Mali,ML,Telecel Mali,3,7.2,312250,4779,16127,-11348,5.167,2.38,0.744,4.8,69.0,71.0,25661600,16.9
2026,6,2026-06-01,Mali,ML,Orange Mali,1,62.0,2688822,41182,64900,-23718,2.409,4.52,12.157,4.78,69.0,71.0,25661600,16.9
2026,6,2026-06-01,Mali,ML,Malitel,2,30.8,1335737,21224,48134,-26910,3.627,3.13,4.183,4.75,69.0,71.0,25661600,16.9
2026,6,2026-06-01,Mali,ML,Telecel Mali,3,7.2,312250,4782,15556,-10774,5.095,2.42,0.757,5.21,69.0,71.0,25661600,16.9
2026,7,2026-07-01,Mali,ML,Orange Mali,1,62.0,2688822,40305,66549,-26244,2.48,4.42,11.879,5.36,69.0,71.0,25661600,16.9
2026,7,2026-07-01,Mali,ML,Malitel,2,30.8,1335737,20273,49739,-29466,3.721,3.19,4.266,5.58,69.0,71.0,25661600,16.9
2026,7,2026-07-01,Mali,ML,Telecel Mali,3,7.2,312250,4960,16062,-11102,5.14,2.43,0.759,5.31,69.0,71.0,25661600,16.9
2026,8,2026-08-01,Mali,ML,Orange Mali,1,62.0,2688822,42870,66140,-23270,2.443,4.33,11.634,5.37,69.0,71.0,25661600,16.9
2026,8,2026-08-01,Mali,ML,Malitel,2,30.8,1335737,20720,49612,-28892,3.707,3.14,4.197,5.97,69.0,71.0,25661600,16.9
2026,8,2026-08-01,Mali,ML,Telecel Mali,3,7.2,312250,4804,16259,-11455,5.159,2.31,0.721,5.61,69.0,71.0,25661600,16.9
2026,9,2026-09-01,Mali,ML,Orange Mali,1,62.0,2688822,40068,66879,-26811,2.509,4.23,11.37,5.48,69.0,71.0,25661600,16.9
2026,9,2026-09-01,Mali,ML,Malitel,2,30.8,1335737,19813,48292,-28479,3.667,3.07,4.096,6.06,69.0,71.0,25661600,16.9
2026,9,2026-09-01,Mali,ML,Telecel Mali,3,7.2,312250,4897,15873,-10976,5.058,2.34,0.729,5.61,69.0,71.0,25661600,16.9
2026,10,2026-10-01,Mali,ML,Orange Mali,1,62.0,2688822,38230,67413,-29183,2.485,4.2,11.282,6.27,69.0,71.0,25661600,16.9
2026,10,2026-10-01,Mali,ML,Malitel,2,30.8,1335737,19108,49079,-29971,3.653,2.96,3.956,6.24,69.0,71.0,25661600,16.9
2026,10,2026-10-01,Mali,ML,Telecel Mali,3,7.2,312250,4706,15525,-10819,5.034,2.27,0.709,6.29,69.0,71.0,25661600,16.9
2026,11,2026-11-01,Mali,ML,Orange Mali,1,62.0,2688822,39615,65962,-26347,2.447,4.09,10.995,6.08,69.0,71.0,25661600,16.9
2026,11,2026-11-01,Mali,ML,Malitel,2,30.8,1335737,19544,47642,-28098,3.623,2.96,3.959,6.32,69.0,71.0,25661600,16.9
2026,11,2026-11-01,Mali,ML,Telecel Mali,3,7.2,312250,4480,15992,-11512,5.139,2.24,0.701,6.51,69.0,71.0,25661600,16.9
2026,12,2026-12-01,Mali,ML,Orange Mali,1,62.0,2688822,39264,65441,-26177,2.472,4.15,11.148,6.91,69.0,71.0,25661600,16.9
2026,12,2026-12-01,Mali,ML,Malitel,2,30.8,1335737,19093,48847,-29754,3.658,2.94,3.924,6.81,69.0,71.0,25661600,16.9
2026,12,2026-12-01,Mali,ML,Telecel Mali,3,7.2,312250,4642,15953,-11311,5.177,2.23,0.696,7.15,69.0,71.0,25661600,16.9
